--------------------------------------------------------
-- Archivo creado  - jueves-mayo-09-2019   
--------------------------------------------------------
--------------------------------------------------------
--  DDL for Sequence SEQ_ALIMENTO
--------------------------------------------------------

   CREATE SEQUENCE  "TAMBO"."SEQ_ALIMENTO"  MINVALUE 1 MAXVALUE 999999999999999999999999999 INCREMENT BY 1 START WITH 1 CACHE 20 NOORDER  NOCYCLE ;
--------------------------------------------------------
--  DDL for Sequence SEQ_ENFERMEDAD
--------------------------------------------------------

   CREATE SEQUENCE  "TAMBO"."SEQ_ENFERMEDAD"  MINVALUE 1 MAXVALUE 999999999999999999999999999 INCREMENT BY 1 START WITH 21 CACHE 20 NOORDER  NOCYCLE ;
--------------------------------------------------------
--  DDL for Sequence SEQ_GUACHERA
--------------------------------------------------------

   CREATE SEQUENCE  "TAMBO"."SEQ_GUACHERA"  MINVALUE 1 MAXVALUE 999999999999999999999999999 INCREMENT BY 1 START WITH 21 CACHE 20 NOORDER  NOCYCLE ;
--------------------------------------------------------
--  DDL for Sequence SEQ_MADRE
--------------------------------------------------------

   CREATE SEQUENCE  "TAMBO"."SEQ_MADRE"  MINVALUE 1 MAXVALUE 999999999999999999999999999 INCREMENT BY 1 START WITH 21 CACHE 20 NOORDER  NOCYCLE ;
--------------------------------------------------------
--  DDL for Sequence SEQ_MEDICAMENTO
--------------------------------------------------------

   CREATE SEQUENCE  "TAMBO"."SEQ_MEDICAMENTO"  MINVALUE 1 MAXVALUE 999999999999999999999999999 INCREMENT BY 1 START WITH 1 CACHE 20 NOORDER  NOCYCLE ;
--------------------------------------------------------
--  DDL for Sequence SEQ_PADRE
--------------------------------------------------------

   CREATE SEQUENCE  "TAMBO"."SEQ_PADRE"  MINVALUE 1 MAXVALUE 999999999999999999999999999 INCREMENT BY 1 START WITH 21 CACHE 20 NOORDER  NOCYCLE ;
--------------------------------------------------------
--  DDL for Sequence SEQ_PESO
--------------------------------------------------------

   CREATE SEQUENCE  "TAMBO"."SEQ_PESO"  MINVALUE 1 MAXVALUE 999999999999999999999999999 INCREMENT BY 1 START WITH 1 CACHE 20 NOORDER  NOCYCLE ;
--------------------------------------------------------
--  DDL for Sequence SEQ_TERNERA
--------------------------------------------------------

   CREATE SEQUENCE  "TAMBO"."SEQ_TERNERA"  MINVALUE 1 MAXVALUE 999999999999999999999999999 INCREMENT BY 1 START WITH 21 CACHE 20 NOORDER  NOCYCLE ;
--------------------------------------------------------
--  DDL for Sequence SEQ_UNIDAD
--------------------------------------------------------

   CREATE SEQUENCE  "TAMBO"."SEQ_UNIDAD"  MINVALUE 1 MAXVALUE 999999999999999999999999999 INCREMENT BY 1 START WITH 1 CACHE 20 NOORDER  NOCYCLE ;
--------------------------------------------------------
--  DDL for Sequence SEQ_USUARIO
--------------------------------------------------------

   CREATE SEQUENCE  "TAMBO"."SEQ_USUARIO"  MINVALUE 1 MAXVALUE 999999999999999999999999999 INCREMENT BY 1 START WITH 21 CACHE 20 NOORDER  NOCYCLE ;
--------------------------------------------------------
--  DDL for Table ALIMENTOS
--------------------------------------------------------

  CREATE TABLE "TAMBO"."ALIMENTOS" 
   (	"ID_ALIMENTO" NUMBER(2,0), 
	"NOMBRE" VARCHAR2(25 BYTE), 
	"COSTO_UNIDAD" NUMBER(5,2), 
	"CANTIDAD" NUMBER(5,2), 
	"ID_UNIDAD" NUMBER(*,0)
   ) PCTFREE 10 PCTUSED 40 INITRANS 1 MAXTRANS 255 NOCOMPRESS LOGGING
  STORAGE(INITIAL 65536 NEXT 1048576 MINEXTENTS 1 MAXEXTENTS 2147483645
  PCTINCREASE 0 FREELISTS 1 FREELIST GROUPS 1 BUFFER_POOL DEFAULT)
  TABLESPACE "USERS" ;
-- No se ha podido presentar el DDL TABLE para el objeto TAMBO.BIN$aJm0ftxHSO+IaFQehpoVWw==$0 mientras que DBMS_METADATA intenta utilizar el generador interno.
CREATE TABLE "BIN$aJm0ftxHSO+IaFQehpoVWw==$0" 
(
  ID_ALIMENTO NUMBER(2, 0) NOT NULL 
, NOMBRE VARCHAR2(25 BYTE) NOT NULL 
, COSTO_UNIDAD NUMBER(5, 2) NOT NULL 
, CANTIDAD NUMBER(5, 2) NOT NULL 
, ID_UNIDAD NUMBER(*, 0) NOT NULL 
, CONSTRAINT "BIN$79KNuUi7RrWiKxK4N/Vwtg==$0" PRIMARY KEY 
  (
    ID_ALIMENTO 
  )
  ENABLE 
)ALTER TABLE "BIN$aJm0ftxHSO+IaFQehpoVWw==$0"
ADD CONSTRAINT "BIN$FMatsSXeQQa/77jeEJS+nA==$0" CHECK 
("COSTO_UNIDAD" IS NOT NULL)
ENABLE
ALTER TABLE "BIN$aJm0ftxHSO+IaFQehpoVWw==$0"
ADD CONSTRAINT "BIN$RhezuNJlQPSF1mzy7Bo+sw==$0" CHECK 
("NOMBRE" IS NOT NULL)
ENABLE
ALTER TABLE "BIN$aJm0ftxHSO+IaFQehpoVWw==$0"
ADD CONSTRAINT "BIN$Vt/dVGAJRL+iJFNsagXIBQ==$0" CHECK 
("CANTIDAD" IS NOT NULL)
ENABLE
ALTER TABLE "BIN$aJm0ftxHSO+IaFQehpoVWw==$0"
ADD CONSTRAINT "BIN$c2BOvAXVS+iTCsvL1raSuw==$0" CHECK 
("ID_ALIMENTO" IS NOT NULL)
ENABLE
ALTER TABLE "BIN$aJm0ftxHSO+IaFQehpoVWw==$0"
ADD CONSTRAINT "BIN$m2EcxUhlRQS0YXO3nXH8iA==$0" CHECK 
("ID_UNIDAD" IS NOT NULL)
ENABLE
-- No se ha podido presentar el DDL TABLE para el objeto TAMBO.BIN$aqGJtXGFQ/iQEiORWfIy4Q==$0 mientras que DBMS_METADATA intenta utilizar el generador interno.
CREATE TABLE "BIN$aqGJtXGFQ/iQEiORWfIy4Q==$0" 
(
  ID_MEDICAMENTO NUMBER(*, 0) NOT NULL 
, NOMBRE VARCHAR2(100 BYTE) NOT NULL 
, DOSIS VARCHAR2(100 BYTE) NOT NULL 
, COSTO VARCHAR2(100 BYTE) NOT NULL 
, FECHA_DESDE DATE 
, FECHA_HASTA DATE 
, CONSTRAINT "BIN$f2yM6hPdQ7Sq1gZU6HSyhA==$0" PRIMARY KEY 
  (
    ID_MEDICAMENTO 
  )
  ENABLE 
)
-- No se ha podido presentar el DDL TABLE para el objeto TAMBO.BIN$BEzNQB1ASJ6RTSH3hsulzw==$0 mientras que DBMS_METADATA intenta utilizar el generador interno.
CREATE TABLE "BIN$BEzNQB1ASJ6RTSH3hsulzw==$0" 
(
  ID_MADRE NUMBER(4, 0) NOT NULL 
, NRO_CARAVANA NUMBER(10, 0) NOT NULL 
, CONSTRAINT "BIN$sQE4PAaaQLyOkCZZ2KLKzg==$0" PRIMARY KEY 
  (
    ID_MADRE 
  )
  ENABLE 
)ALTER TABLE "BIN$BEzNQB1ASJ6RTSH3hsulzw==$0"
ADD CONSTRAINT "BIN$/3vgyghyTTWryFCaCGJmyA==$0" UNIQUE 
(
  NRO_CARAVANA 
)
ENABLE
-- No se ha podido presentar el DDL TABLE para el objeto TAMBO.BIN$BFbBKl6yQ06w8sVRvWSWAA==$0 mientras que DBMS_METADATA intenta utilizar el generador interno.
CREATE TABLE "BIN$BFbBKl6yQ06w8sVRvWSWAA==$0" 
(
  ID_MADRE NUMBER(4, 0) NOT NULL 
, NRO_CARAVANA NUMBER(10, 0) NOT NULL 
, CONSTRAINT "BIN$jr7ZzynYQ0Wi9KQ9jduyyw==$0" PRIMARY KEY 
  (
    ID_MADRE 
  )
  ENABLE 
)ALTER TABLE "BIN$BFbBKl6yQ06w8sVRvWSWAA==$0"
ADD CONSTRAINT "BIN$Bkyjke6eSmi5I3SVOgQzHg==$0" UNIQUE 
(
  NRO_CARAVANA 
)
ENABLE
-- No se ha podido presentar el DDL TABLE para el objeto TAMBO.BIN$BFyaH/jJTbiKRO7A9DvNCw==$0 mientras que DBMS_METADATA intenta utilizar el generador interno.
CREATE TABLE "BIN$BFyaH/jJTbiKRO7A9DvNCw==$0" 
(
  ID_PESO NUMBER(*, 0) NOT NULL 
, ID_TERNERA NUMBER(*, 0) NOT NULL 
, TIPO_REGISTRO VARCHAR2(50 BYTE) NOT NULL 
, FECHA DATE NOT NULL 
, PESO NUMBER(4, 2) NOT NULL 
, CONSTRAINT "BIN$/iFaxUsaTzmaKOJWYc7XNw==$0" PRIMARY KEY 
  (
    ID_PESO 
  )
  ENABLE 
)ALTER TABLE "BIN$BFyaH/jJTbiKRO7A9DvNCw==$0"
ADD CONSTRAINT "BIN$SLO3f8IdTmaMbBfzSwiAMg==$0" CHECK 
("ID_TERNERA" IS NOT NULL)
ENABLE
ALTER TABLE "BIN$BFyaH/jJTbiKRO7A9DvNCw==$0"
ADD CONSTRAINT "BIN$UUXsjFYfTUyAan7PpJMw7g==$0" CHECK 
("FECHA" IS NOT NULL)
ENABLE
ALTER TABLE "BIN$BFyaH/jJTbiKRO7A9DvNCw==$0"
ADD CONSTRAINT "BIN$dXCX0T4mTFKJVLGMpIDwSQ==$0" CHECK 
("ID_PESO" IS NOT NULL)
ENABLE
ALTER TABLE "BIN$BFyaH/jJTbiKRO7A9DvNCw==$0"
ADD CONSTRAINT "BIN$iTIpUAFiRPSIwxNvbinuWQ==$0" CHECK 
("PESO" IS NOT NULL)
ENABLE
ALTER TABLE "BIN$BFyaH/jJTbiKRO7A9DvNCw==$0"
ADD CONSTRAINT "BIN$tF+UKKHYSGqSXQL+afOQRw==$0" CHECK 
("TIPO_REGISTRO" IS NOT NULL)
ENABLEALTER TABLE "BIN$BFyaH/jJTbiKRO7A9DvNCw==$0"
ADD CONSTRAINT "BIN$D/cqE4AwSWKGyfAnf8GD9w==$0" UNIQUE 
(
  ID_TERNERA 
, FECHA 
)
ENABLE
-- No se ha podido presentar el DDL TABLE para el objeto TAMBO.BIN$cSULJ2BzTkKbh4FNzxzB4Q==$0 mientras que DBMS_METADATA intenta utilizar el generador interno.
CREATE TABLE "BIN$cSULJ2BzTkKbh4FNzxzB4Q==$0" 
(
  ID_TERNERA NUMBER(*, 0) NOT NULL 
, ID_ENFERMEDAD NUMBER(*, 0) NOT NULL 
, FECHA_DESDE DATE NOT NULL 
, FECHA_HASTA DATE 
, OBSERVACION VARCHAR2(250 BYTE) 
, CONSTRAINT "BIN$H37+XjlGT5ujJMlheIVlrQ==$0" PRIMARY KEY 
  (
    ID_TERNERA 
  , ID_ENFERMEDAD 
  , FECHA_DESDE 
  )
  ENABLE 
)ALTER TABLE "BIN$cSULJ2BzTkKbh4FNzxzB4Q==$0"
ADD CONSTRAINT "BIN$+PHaEvOHS3CYOO9ciXuhvQ==$0" CHECK 
("FECHA_DESDE" IS NOT NULL)
ENABLE
ALTER TABLE "BIN$cSULJ2BzTkKbh4FNzxzB4Q==$0"
ADD CONSTRAINT "BIN$2XyBBXaLTTiTm25/Vw4s5Q==$0" CHECK 
("ID_ENFERMEDAD" IS NOT NULL)
ENABLE
ALTER TABLE "BIN$cSULJ2BzTkKbh4FNzxzB4Q==$0"
ADD CONSTRAINT "BIN$YRRbOa1RTn+5QuN0WrSaGA==$0" CHECK 
("ID_TERNERA" IS NOT NULL)
ENABLE
-- No se ha podido presentar el DDL TABLE para el objeto TAMBO.BIN$/cXS2j7mQn6gnLI/lfuoVA==$0 mientras que DBMS_METADATA intenta utilizar el generador interno.
CREATE TABLE "BIN$/cXS2j7mQn6gnLI/lfuoVA==$0" 
(
  ID_PADRE NUMBER(4, 0) NOT NULL 
, NRO_CARAVANA NUMBER(10, 0) NOT NULL 
, CONSTRAINT "BIN$E3D5OtsQRWS3ogbmJ9wnmA==$0" PRIMARY KEY 
  (
    ID_PADRE 
  )
  ENABLE 
)ALTER TABLE "BIN$/cXS2j7mQn6gnLI/lfuoVA==$0"
ADD CONSTRAINT "BIN$+WTbs98LQvWwMiNgConO2w==$0" UNIQUE 
(
  NRO_CARAVANA 
)
ENABLE
-- No se ha podido presentar el DDL TABLE para el objeto TAMBO.BIN$dEXvhPwuS1iaDJ41BRd8IA==$0 mientras que DBMS_METADATA intenta utilizar el generador interno.
CREATE TABLE "BIN$dEXvhPwuS1iaDJ41BRd8IA==$0" 
(
  ID_UNIDAD NUMBER(*, 0) NOT NULL 
, UNIDAD VARCHAR2(25 BYTE) NOT NULL 
, CONSTRAINT "BIN$c+CETglkSRinSUX5A1PoZA==$0" PRIMARY KEY 
  (
    ID_UNIDAD 
  )
  ENABLE 
)ALTER TABLE "BIN$dEXvhPwuS1iaDJ41BRd8IA==$0"
ADD CONSTRAINT "BIN$f9rvKY8uT3mLCxwEe/PAwQ==$0" UNIQUE 
(
  UNIDAD 
)
ENABLE
-- No se ha podido presentar el DDL TABLE para el objeto TAMBO.BIN$DHGNH7WFSeO/AKMzarXUwQ==$0 mientras que DBMS_METADATA intenta utilizar el generador interno.
CREATE TABLE "BIN$DHGNH7WFSeO/AKMzarXUwQ==$0" 
(
  ID_TERNERA NUMBER(*, 0) NOT NULL 
, ID_ALIMENTO NUMBER(*, 0) NOT NULL 
, FECHA DATE NOT NULL 
, CANTIDAD NUMBER(5, 2) NOT NULL 
, CONSTRAINT "BIN$I1Y7qtMdQM+xkvfJFFe6gQ==$0" PRIMARY KEY 
  (
    ID_TERNERA 
  , ID_ALIMENTO 
  , FECHA 
  )
  ENABLE 
)ALTER TABLE "BIN$DHGNH7WFSeO/AKMzarXUwQ==$0"
ADD CONSTRAINT "BIN$ODbqTzfLRkOfqIwX0yGicw==$0" CHECK 
("ID_ALIMENTO" IS NOT NULL)
ENABLE
ALTER TABLE "BIN$DHGNH7WFSeO/AKMzarXUwQ==$0"
ADD CONSTRAINT "BIN$TNGaCiB+QuycUCxN0uopWA==$0" CHECK 
("FECHA" IS NOT NULL)
ENABLE
ALTER TABLE "BIN$DHGNH7WFSeO/AKMzarXUwQ==$0"
ADD CONSTRAINT "BIN$i1ObcyKCTi6W5/dgVT3Wyw==$0" CHECK 
("ID_TERNERA" IS NOT NULL)
ENABLE
ALTER TABLE "BIN$DHGNH7WFSeO/AKMzarXUwQ==$0"
ADD CONSTRAINT "BIN$xKnFnTwKTACuvLrb3yzHMg==$0" CHECK 
("CANTIDAD" IS NOT NULL)
ENABLE
-- No se ha podido presentar el DDL TABLE para el objeto TAMBO.BIN$DMfmIT2SS1yDL2sIkeWW4A==$0 mientras que DBMS_METADATA intenta utilizar el generador interno.
CREATE TABLE "BIN$DMfmIT2SS1yDL2sIkeWW4A==$0" 
(
  ID_TERNERA NUMBER(*, 0) NOT NULL 
, ID_ALIMENTO NUMBER(*, 0) NOT NULL 
, FECHA DATE NOT NULL 
, CANTIDAD NUMBER(5, 2) NOT NULL 
, CONSTRAINT "BIN$IcfZNBhNR7WoqYautlwdxg==$0" PRIMARY KEY 
  (
    ID_TERNERA 
  , ID_ALIMENTO 
  , FECHA 
  )
  ENABLE 
)ALTER TABLE "BIN$DMfmIT2SS1yDL2sIkeWW4A==$0"
ADD CONSTRAINT "BIN$EpXYYZ3mSIaDlukT93kwPQ==$0" CHECK 
("FECHA" IS NOT NULL)
ENABLE
ALTER TABLE "BIN$DMfmIT2SS1yDL2sIkeWW4A==$0"
ADD CONSTRAINT "BIN$g8kZaJX5TeiF2FcO5KKT/Q==$0" CHECK 
("CANTIDAD" IS NOT NULL)
ENABLE
ALTER TABLE "BIN$DMfmIT2SS1yDL2sIkeWW4A==$0"
ADD CONSTRAINT "BIN$ilYdZHKJTHWdlJuwo4lmsg==$0" CHECK 
("ID_TERNERA" IS NOT NULL)
ENABLE
ALTER TABLE "BIN$DMfmIT2SS1yDL2sIkeWW4A==$0"
ADD CONSTRAINT "BIN$z+rVS7uPT0CXMLO5huqXuQ==$0" CHECK 
("ID_ALIMENTO" IS NOT NULL)
ENABLE
-- No se ha podido presentar el DDL TABLE para el objeto TAMBO.BIN$Dr2ahgOPSHCt5zGcQa0ADg==$0 mientras que DBMS_METADATA intenta utilizar el generador interno.
CREATE TABLE "BIN$Dr2ahgOPSHCt5zGcQa0ADg==$0" 
(
  ID_UNIDAD NUMBER(*, 0) NOT NULL 
, UNIDAD VARCHAR2(25 BYTE) NOT NULL 
, CONSTRAINT "BIN$1SWPtArqQuazIvotWl7ehQ==$0" PRIMARY KEY 
  (
    ID_UNIDAD 
  )
  ENABLE 
)ALTER TABLE "BIN$Dr2ahgOPSHCt5zGcQa0ADg==$0"
ADD CONSTRAINT "BIN$CHEF+rwPQKqxuseUGMgS8g==$0" UNIQUE 
(
  UNIDAD 
)
ENABLE
-- No se ha podido presentar el DDL TABLE para el objeto TAMBO.BIN$DTxWmN77QByixBHhYD2jZQ==$0 mientras que DBMS_METADATA intenta utilizar el generador interno.
CREATE TABLE "BIN$DTxWmN77QByixBHhYD2jZQ==$0" 
(
  ID_GUACHERA NUMBER(*, 0) NOT NULL 
, PK_GUACHERA VARCHAR2(12 BYTE) NOT NULL 
, ID_USUARIO NUMBER(*, 0) NOT NULL 
, NOMBRE VARCHAR2(70 BYTE) NOT NULL 
, CONSTRAINT "BIN$sjFiCGfsQYyTxc1ROAslng==$0" PRIMARY KEY 
  (
    ID_GUACHERA 
  )
  ENABLE 
)ALTER TABLE "BIN$DTxWmN77QByixBHhYD2jZQ==$0"
ADD CONSTRAINT "BIN$PVV/zHyoRYCw6eKg5O42gw==$0" CHECK 
("NOMBRE" IS NOT NULL)
ENABLE
ALTER TABLE "BIN$DTxWmN77QByixBHhYD2jZQ==$0"
ADD CONSTRAINT "BIN$X8trUio4RG+4UXVUe5jfWQ==$0" CHECK 
("ID_USUARIO" IS NOT NULL)
ENABLE
ALTER TABLE "BIN$DTxWmN77QByixBHhYD2jZQ==$0"
ADD CONSTRAINT "BIN$is2CTskyRHq++WkeiOFpIA==$0" CHECK 
("ID_GUACHERA" IS NOT NULL)
ENABLE
ALTER TABLE "BIN$DTxWmN77QByixBHhYD2jZQ==$0"
ADD CONSTRAINT "BIN$sbs2oqGGSoyU4VOpCnPhKg==$0" CHECK 
("PK_GUACHERA" IS NOT NULL)
ENABLEALTER TABLE "BIN$DTxWmN77QByixBHhYD2jZQ==$0"
ADD CONSTRAINT "BIN$Uf7LfyyESyGzYt0L+8AkiQ==$0" UNIQUE 
(
  NOMBRE 
)
ENABLE
ALTER TABLE "BIN$DTxWmN77QByixBHhYD2jZQ==$0"
ADD CONSTRAINT "BIN$VonT58nzSLiR09GdNVMj+Q==$0" UNIQUE 
(
  PK_GUACHERA 
)
ENABLE
-- No se ha podido presentar el DDL TABLE para el objeto TAMBO.BIN$dWz0djJMT8qxYjXLVymgnA==$0 mientras que DBMS_METADATA intenta utilizar el generador interno.
CREATE TABLE "BIN$dWz0djJMT8qxYjXLVymgnA==$0" 
(
  ID_PESO NUMBER(*, 0) NOT NULL 
, ID_TERNERA NUMBER(*, 0) NOT NULL 
, TIPO_REGISTRO VARCHAR2(50 BYTE) NOT NULL 
, FECHA DATE NOT NULL 
, PESO NUMBER(4, 2) NOT NULL 
, CONSTRAINT "BIN$nn0MeJXqRI2VFkbzIRScJQ==$0" PRIMARY KEY 
  (
    ID_PESO 
  )
  ENABLE 
)ALTER TABLE "BIN$dWz0djJMT8qxYjXLVymgnA==$0"
ADD CONSTRAINT "BIN$6xpL1mTBSve7jEdMi9FoLg==$0" CHECK 
("ID_PESO" IS NOT NULL)
ENABLE
ALTER TABLE "BIN$dWz0djJMT8qxYjXLVymgnA==$0"
ADD CONSTRAINT "BIN$EZnBGOMbQcml9RY57VRZJQ==$0" CHECK 
("FECHA" IS NOT NULL)
ENABLE
ALTER TABLE "BIN$dWz0djJMT8qxYjXLVymgnA==$0"
ADD CONSTRAINT "BIN$m0nkCwgyRziLi8WwmzFGQw==$0" CHECK 
("TIPO_REGISTRO" IS NOT NULL)
ENABLE
ALTER TABLE "BIN$dWz0djJMT8qxYjXLVymgnA==$0"
ADD CONSTRAINT "BIN$uxR5cIhvR0OX4L1y0iIznw==$0" CHECK 
("PESO" IS NOT NULL)
ENABLE
ALTER TABLE "BIN$dWz0djJMT8qxYjXLVymgnA==$0"
ADD CONSTRAINT "BIN$vC+Yk3BGQsaatlHmNNKn7A==$0" CHECK 
("ID_TERNERA" IS NOT NULL)
ENABLEALTER TABLE "BIN$dWz0djJMT8qxYjXLVymgnA==$0"
ADD CONSTRAINT "BIN$KUqRXssARFqDzN5IaePY0g==$0" UNIQUE 
(
  ID_TERNERA 
, FECHA 
)
ENABLE
-- No se ha podido presentar el DDL TABLE para el objeto TAMBO.BIN$e/ATGLmwR66UtZ7e7BYjbw==$0 mientras que DBMS_METADATA intenta utilizar el generador interno.
CREATE TABLE "BIN$e/ATGLmwR66UtZ7e7BYjbw==$0" 
(
  ID_GUACHERA NUMBER(*, 0) NOT NULL 
, PK_GUACHERA VARCHAR2(12 BYTE) NOT NULL 
, ID_USUARIO NUMBER(*, 0) NOT NULL 
, NOMBRE VARCHAR2(70 BYTE) NOT NULL 
, CONSTRAINT "BIN$0qOVbKbKQXqeGZA0ysZP0g==$0" PRIMARY KEY 
  (
    ID_GUACHERA 
  )
  ENABLE 
)ALTER TABLE "BIN$e/ATGLmwR66UtZ7e7BYjbw==$0"
ADD CONSTRAINT "BIN$7vx5sAxCRw25Bgo0e32Ljw==$0" CHECK 
("PK_GUACHERA" IS NOT NULL)
ENABLE
ALTER TABLE "BIN$e/ATGLmwR66UtZ7e7BYjbw==$0"
ADD CONSTRAINT "BIN$Aut5ijjXR+2/UpHQc6KCsA==$0" CHECK 
("ID_USUARIO" IS NOT NULL)
ENABLE
ALTER TABLE "BIN$e/ATGLmwR66UtZ7e7BYjbw==$0"
ADD CONSTRAINT "BIN$OA8GBNfVTD6BX0WVTimVxQ==$0" CHECK 
("NOMBRE" IS NOT NULL)
ENABLE
ALTER TABLE "BIN$e/ATGLmwR66UtZ7e7BYjbw==$0"
ADD CONSTRAINT "BIN$mz2UhNymSYGFtKmMSDTgJw==$0" CHECK 
("ID_GUACHERA" IS NOT NULL)
ENABLEALTER TABLE "BIN$e/ATGLmwR66UtZ7e7BYjbw==$0"
ADD CONSTRAINT "BIN$4nJmVeCWQ+WtgNNEBRT7qg==$0" UNIQUE 
(
  NOMBRE 
)
ENABLE
ALTER TABLE "BIN$e/ATGLmwR66UtZ7e7BYjbw==$0"
ADD CONSTRAINT "BIN$uT3mWA4QREWuRT4uy4SJ8A==$0" UNIQUE 
(
  PK_GUACHERA 
)
ENABLE
-- No se ha podido presentar el DDL TABLE para el objeto TAMBO.BIN$EeFxkmBfShWb+xjlsIU3kg==$0 mientras que DBMS_METADATA intenta utilizar el generador interno.
CREATE TABLE "BIN$EeFxkmBfShWb+xjlsIU3kg==$0" 
(
  ID_USUARIO NUMBER(*, 0) NOT NULL 
, USUARIO VARCHAR2(100 BYTE) NOT NULL 
, NOMBRE VARCHAR2(50 BYTE) NOT NULL 
, APELLIDO VARCHAR2(50 BYTE) NOT NULL 
, PERFIL VARCHAR2(50 BYTE) NOT NULL 
, CONTRASENIA VARCHAR2(16 BYTE) NOT NULL 
, CONSTRAINT "BIN$BFG3MTKUR5CWHKAvRB1v9g==$0" PRIMARY KEY 
  (
    ID_USUARIO 
  )
  ENABLE 
)
-- No se ha podido presentar el DDL TABLE para el objeto TAMBO.BIN$efnmaRMeTYGnLUQM+HhbsA==$0 mientras que DBMS_METADATA intenta utilizar el generador interno.
CREATE TABLE "BIN$efnmaRMeTYGnLUQM+HhbsA==$0" 
(
  ID_TERNERA NUMBER(*, 0) NOT NULL 
, ID_ENFERMEDAD NUMBER(*, 0) NOT NULL 
, FECHA_DESDE DATE NOT NULL 
, FECHA_HASTA DATE 
, OBSERVACION VARCHAR2(250 BYTE) 
, CONSTRAINT "BIN$67z6MRITSDG++lHa7Dzxjw==$0" PRIMARY KEY 
  (
    ID_TERNERA 
  , ID_ENFERMEDAD 
  , FECHA_DESDE 
  )
  ENABLE 
)ALTER TABLE "BIN$efnmaRMeTYGnLUQM+HhbsA==$0"
ADD CONSTRAINT "BIN$8bamN6mpSM+0GEos8XH8TA==$0" CHECK 
("FECHA_DESDE" IS NOT NULL)
ENABLE
ALTER TABLE "BIN$efnmaRMeTYGnLUQM+HhbsA==$0"
ADD CONSTRAINT "BIN$E6AHyrQ2Tzyfv53Y5Kfmvw==$0" CHECK 
("ID_ENFERMEDAD" IS NOT NULL)
ENABLE
ALTER TABLE "BIN$efnmaRMeTYGnLUQM+HhbsA==$0"
ADD CONSTRAINT "BIN$tXjaK6zaSVqiucU0TComsg==$0" CHECK 
("ID_TERNERA" IS NOT NULL)
ENABLE
-- No se ha podido presentar el DDL TABLE para el objeto TAMBO.BIN$E8jQrc9GROazQOPkSV8tlw==$0 mientras que DBMS_METADATA intenta utilizar el generador interno.
CREATE TABLE "BIN$E8jQrc9GROazQOPkSV8tlw==$0" 
(
  ID_ALIMENTO NUMBER(2, 0) NOT NULL 
, NOMBRE VARCHAR2(25 BYTE) NOT NULL 
, COSTO_UNIDAD NUMBER(5, 2) NOT NULL 
, CANTIDAD NUMBER(5, 2) NOT NULL 
, ID_UNIDAD NUMBER(*, 0) NOT NULL 
, CONSTRAINT "BIN$QMGTwRm4R2ytL9onnxYk0Q==$0" PRIMARY KEY 
  (
    ID_ALIMENTO 
  )
  ENABLE 
)ALTER TABLE "BIN$E8jQrc9GROazQOPkSV8tlw==$0"
ADD CONSTRAINT "BIN$BTNZATATTzO/RLX2KZFmBg==$0" CHECK 
("ID_ALIMENTO" IS NOT NULL)
ENABLE
ALTER TABLE "BIN$E8jQrc9GROazQOPkSV8tlw==$0"
ADD CONSTRAINT "BIN$Di/Vu7atQHiFRRh3TftZZA==$0" CHECK 
("NOMBRE" IS NOT NULL)
ENABLE
ALTER TABLE "BIN$E8jQrc9GROazQOPkSV8tlw==$0"
ADD CONSTRAINT "BIN$W1Lmavk8TyOp1L6cXJiWow==$0" CHECK 
("COSTO_UNIDAD" IS NOT NULL)
ENABLE
ALTER TABLE "BIN$E8jQrc9GROazQOPkSV8tlw==$0"
ADD CONSTRAINT "BIN$uAwgoPByToqaaUiHMdbLMA==$0" CHECK 
("CANTIDAD" IS NOT NULL)
ENABLE
ALTER TABLE "BIN$E8jQrc9GROazQOPkSV8tlw==$0"
ADD CONSTRAINT "BIN$zPPHZ0cTRI6LHQrBm8K1nQ==$0" CHECK 
("ID_UNIDAD" IS NOT NULL)
ENABLE
-- No se ha podido presentar el DDL TABLE para el objeto TAMBO.BIN$fKbDRK67TCWaPzrG/GqMWA==$0 mientras que DBMS_METADATA intenta utilizar el generador interno.
CREATE TABLE "BIN$fKbDRK67TCWaPzrG/GqMWA==$0" 
(
  ID_PADRE NUMBER(4, 0) NOT NULL 
, NRO_CARAVANA NUMBER(10, 0) NOT NULL 
, CONSTRAINT "BIN$C5+9C5t7Rt28VKrmDjtOsQ==$0" PRIMARY KEY 
  (
    ID_PADRE 
  )
  ENABLE 
)ALTER TABLE "BIN$fKbDRK67TCWaPzrG/GqMWA==$0"
ADD CONSTRAINT "BIN$6DwoFlZIQ5G7I3f64t5c4Q==$0" UNIQUE 
(
  NRO_CARAVANA 
)
ENABLE
-- No se ha podido presentar el DDL TABLE para el objeto TAMBO.BIN$FsUO6lLERQWptrV3cdfW0g==$0 mientras que DBMS_METADATA intenta utilizar el generador interno.
CREATE TABLE "BIN$FsUO6lLERQWptrV3cdfW0g==$0" 
(
  ID_TERNERA NUMBER(*, 0) NOT NULL 
, ID_ALIMENTO NUMBER(*, 0) NOT NULL 
, FECHA DATE NOT NULL 
, CANTIDAD NUMBER(5, 2) NOT NULL 
, CONSTRAINT "BIN$UdbM3aIxRMyqKQ+cXbeIPg==$0" PRIMARY KEY 
  (
    ID_TERNERA 
  , ID_ALIMENTO 
  , FECHA 
  )
  ENABLE 
)ALTER TABLE "BIN$FsUO6lLERQWptrV3cdfW0g==$0"
ADD CONSTRAINT "BIN$BRt2pXCAQ3i3UF06/CtgqQ==$0" CHECK 
("ID_TERNERA" IS NOT NULL)
ENABLE
ALTER TABLE "BIN$FsUO6lLERQWptrV3cdfW0g==$0"
ADD CONSTRAINT "BIN$ETL14mzoQC2f4cOx7zzWnQ==$0" CHECK 
("ID_ALIMENTO" IS NOT NULL)
ENABLE
ALTER TABLE "BIN$FsUO6lLERQWptrV3cdfW0g==$0"
ADD CONSTRAINT "BIN$OTng63U2RPqdbY/ewj7dgQ==$0" CHECK 
("FECHA" IS NOT NULL)
ENABLE
ALTER TABLE "BIN$FsUO6lLERQWptrV3cdfW0g==$0"
ADD CONSTRAINT "BIN$hdwdWzNdS5WxkpRQKkMC3Q==$0" CHECK 
("CANTIDAD" IS NOT NULL)
ENABLE
-- No se ha podido presentar el DDL TABLE para el objeto TAMBO.BIN$fZ5oFNHHTqOBcQSkVxdITw==$0 mientras que DBMS_METADATA intenta utilizar el generador interno.
CREATE TABLE "BIN$fZ5oFNHHTqOBcQSkVxdITw==$0" 
(
  ID_USUARIO NUMBER(*, 0) NOT NULL 
, USUARIO VARCHAR2(100 BYTE) NOT NULL 
, NOMBRE VARCHAR2(50 BYTE) NOT NULL 
, APELLIDO VARCHAR2(50 BYTE) NOT NULL 
, PERFIL VARCHAR2(50 BYTE) NOT NULL 
, CONTRASENIA VARCHAR2(16 BYTE) NOT NULL 
, CONSTRAINT "BIN$mRQVdR4nSZy2jDcpHmDefA==$0" PRIMARY KEY 
  (
    ID_USUARIO 
  )
  ENABLE 
)
-- No se ha podido presentar el DDL TABLE para el objeto TAMBO.BIN$f7pcTsALS5uKrvBjuNuuHA==$0 mientras que DBMS_METADATA intenta utilizar el generador interno.
CREATE TABLE "BIN$f7pcTsALS5uKrvBjuNuuHA==$0" 
(
  ID_GUACHERA NUMBER(*, 0) NOT NULL 
, PK_GUACHERA VARCHAR2(12 BYTE) NOT NULL 
, ID_USUARIO NUMBER(*, 0) NOT NULL 
, NOMBRE VARCHAR2(70 BYTE) NOT NULL 
, CONSTRAINT "BIN$KSy4SPGuTvCGO27AwfT2bg==$0" PRIMARY KEY 
  (
    ID_GUACHERA 
  )
  ENABLE 
)ALTER TABLE "BIN$f7pcTsALS5uKrvBjuNuuHA==$0"
ADD CONSTRAINT "BIN$RAz+WNtESV+0ALWF7ug5cA==$0" CHECK 
("PK_GUACHERA" IS NOT NULL)
ENABLE
ALTER TABLE "BIN$f7pcTsALS5uKrvBjuNuuHA==$0"
ADD CONSTRAINT "BIN$jTkB6Pc8SmWOdRLTnPydNg==$0" CHECK 
("ID_USUARIO" IS NOT NULL)
ENABLE
ALTER TABLE "BIN$f7pcTsALS5uKrvBjuNuuHA==$0"
ADD CONSTRAINT "BIN$k+iCoOkoSVGDhhmNCTwZMQ==$0" CHECK 
("ID_GUACHERA" IS NOT NULL)
ENABLE
ALTER TABLE "BIN$f7pcTsALS5uKrvBjuNuuHA==$0"
ADD CONSTRAINT "BIN$o3mK94xySVCtO+TfHJ1iqQ==$0" CHECK 
("NOMBRE" IS NOT NULL)
ENABLEALTER TABLE "BIN$f7pcTsALS5uKrvBjuNuuHA==$0"
ADD CONSTRAINT "BIN$J51eZzGKSeiSE9ht67jr3w==$0" UNIQUE 
(
  NOMBRE 
)
ENABLE
ALTER TABLE "BIN$f7pcTsALS5uKrvBjuNuuHA==$0"
ADD CONSTRAINT "BIN$mLgDFcHQQPiy2P8t7z7afw==$0" UNIQUE 
(
  PK_GUACHERA 
)
ENABLE
-- No se ha podido presentar el DDL TABLE para el objeto TAMBO.BIN$gqVX1VKcQG+t14GuyHPQBA==$0 mientras que DBMS_METADATA intenta utilizar el generador interno.
CREATE TABLE "BIN$gqVX1VKcQG+t14GuyHPQBA==$0" 
(
  ID_MADRE NUMBER(4, 0) NOT NULL 
, NRO_CARAVANA NUMBER(10, 0) NOT NULL 
, CONSTRAINT "BIN$/mzaR9pTQ1qaQ2gogQshgQ==$0" PRIMARY KEY 
  (
    ID_MADRE 
  )
  ENABLE 
)ALTER TABLE "BIN$gqVX1VKcQG+t14GuyHPQBA==$0"
ADD CONSTRAINT "BIN$2BEfyaQbSSSHxkwfr2v5vg==$0" UNIQUE 
(
  NRO_CARAVANA 
)
ENABLE
-- No se ha podido presentar el DDL TABLE para el objeto TAMBO.BIN$GwCYaem9SeimwcupxkDRCg==$0 mientras que DBMS_METADATA intenta utilizar el generador interno.
CREATE TABLE "BIN$GwCYaem9SeimwcupxkDRCg==$0" 
(
  ID_PADRE NUMBER(4, 0) NOT NULL 
, NRO_CARAVANA NUMBER(10, 0) NOT NULL 
, CONSTRAINT "BIN$59Y/HDLcR26Nqh9odcU3ng==$0" PRIMARY KEY 
  (
    ID_PADRE 
  )
  ENABLE 
)ALTER TABLE "BIN$GwCYaem9SeimwcupxkDRCg==$0"
ADD CONSTRAINT "BIN$GqRqXbFpSG6a6wEgIEtAEw==$0" UNIQUE 
(
  NRO_CARAVANA 
)
ENABLE
-- No se ha podido presentar el DDL TABLE para el objeto TAMBO.BIN$HkoD+0beQb2j0ZKcZ/vcMQ==$0 mientras que DBMS_METADATA intenta utilizar el generador interno.
CREATE TABLE "BIN$HkoD+0beQb2j0ZKcZ/vcMQ==$0" 
(
  ID_PADRE NUMBER(4, 0) NOT NULL 
, NRO_CARAVANA NUMBER(10, 0) NOT NULL 
, CONSTRAINT "BIN$mc8E68/FTEqfntu9++jpOQ==$0" PRIMARY KEY 
  (
    ID_PADRE 
  )
  ENABLE 
)ALTER TABLE "BIN$HkoD+0beQb2j0ZKcZ/vcMQ==$0"
ADD CONSTRAINT "BIN$MluJw801TKiLzRjpvVj1Rg==$0" UNIQUE 
(
  NRO_CARAVANA 
)
ENABLE
-- No se ha podido presentar el DDL TABLE para el objeto TAMBO.BIN$hRFH+q2IT9KT7NZa6KRw2Q==$0 mientras que DBMS_METADATA intenta utilizar el generador interno.
CREATE TABLE "BIN$hRFH+q2IT9KT7NZa6KRw2Q==$0" 
(
  ID_GUACHERA NUMBER(*, 0) NOT NULL 
, PK_GUACHERA VARCHAR2(12 BYTE) NOT NULL 
, ID_USUARIO NUMBER(*, 0) NOT NULL 
, NOMBRE VARCHAR2(70 BYTE) NOT NULL 
, CONSTRAINT "BIN$lXJES0VVRn+N78HFTqkqVA==$0" PRIMARY KEY 
  (
    ID_GUACHERA 
  )
  ENABLE 
)ALTER TABLE "BIN$hRFH+q2IT9KT7NZa6KRw2Q==$0"
ADD CONSTRAINT "BIN$3fTtLQYTSPiFTo3ATLOFjQ==$0" CHECK 
("PK_GUACHERA" IS NOT NULL)
ENABLE
ALTER TABLE "BIN$hRFH+q2IT9KT7NZa6KRw2Q==$0"
ADD CONSTRAINT "BIN$Q9SADJdMQW2C6JSf+4CfRg==$0" CHECK 
("ID_GUACHERA" IS NOT NULL)
ENABLE
ALTER TABLE "BIN$hRFH+q2IT9KT7NZa6KRw2Q==$0"
ADD CONSTRAINT "BIN$UUy1OoKcRomtT9BJhPhQhg==$0" CHECK 
("ID_USUARIO" IS NOT NULL)
ENABLE
ALTER TABLE "BIN$hRFH+q2IT9KT7NZa6KRw2Q==$0"
ADD CONSTRAINT "BIN$Wg+oUcoQSPaKmBXRoIlmCg==$0" CHECK 
("NOMBRE" IS NOT NULL)
ENABLEALTER TABLE "BIN$hRFH+q2IT9KT7NZa6KRw2Q==$0"
ADD CONSTRAINT "BIN$+m7LF6OlR3e2XlNXyyS/1A==$0" UNIQUE 
(
  PK_GUACHERA 
)
ENABLE
ALTER TABLE "BIN$hRFH+q2IT9KT7NZa6KRw2Q==$0"
ADD CONSTRAINT "BIN$7qzVLtL/RT2fyGvEM6eFqw==$0" UNIQUE 
(
  NOMBRE 
)
ENABLE
-- No se ha podido presentar el DDL TABLE para el objeto TAMBO.BIN$/JiAMIkARL2+QPnf+TrC6w==$0 mientras que DBMS_METADATA intenta utilizar el generador interno.
CREATE TABLE "BIN$/JiAMIkARL2+QPnf+TrC6w==$0" 
(
  ID_TERNERA NUMBER(4, 0) NOT NULL 
, NRO_CARAVANA NUMBER(10, 0) NOT NULL 
, ID_MADRE NUMBER(*, 0) NOT NULL 
, ID_PADRE NUMBER(*, 0) NOT NULL 
, ID_GUACHERA NUMBER(*, 0) NOT NULL 
, FECHA_NACIMIENTO DATE NOT NULL 
, PESO_NACIMIENTO NUMBER(4, 2) NOT NULL 
, RAZA VARCHAR2(12 BYTE) NOT NULL 
, PARTO VARCHAR2(12 BYTE) NOT NULL 
, FECHA_MUERTE DATE 
, CAUSA_MUERTE VARCHAR2(500 BYTE) 
, FECHA_BAJA DATE 
, CAUSA_BAJA VARCHAR2(500 BYTE) 
, CONSTRAINT "BIN$vVbd7k/bSpug6NrxLI8saA==$0" PRIMARY KEY 
  (
    ID_TERNERA 
  )
  ENABLE 
)ALTER TABLE "BIN$/JiAMIkARL2+QPnf+TrC6w==$0"
ADD CONSTRAINT "BIN$KdAhpWLNQ+S8lXqPfPr5OQ==$0" UNIQUE 
(
  NRO_CARAVANA 
)
ENABLE
-- No se ha podido presentar el DDL TABLE para el objeto TAMBO.BIN$LizjFfk3RJy931njBlq3HQ==$0 mientras que DBMS_METADATA intenta utilizar el generador interno.
CREATE TABLE "BIN$LizjFfk3RJy931njBlq3HQ==$0" 
(
  ID_MEDICAMENTO NUMBER(*, 0) NOT NULL 
, NOMBRE VARCHAR2(100 BYTE) NOT NULL 
, DOSIS VARCHAR2(100 BYTE) NOT NULL 
, COSTO VARCHAR2(100 BYTE) NOT NULL 
, FECHA_DESDE DATE 
, FECHA_HASTA DATE 
, CONSTRAINT "BIN$Rs3lzVVvTUmuquhaTQGWQQ==$0" PRIMARY KEY 
  (
    ID_MEDICAMENTO 
  )
  ENABLE 
)
-- No se ha podido presentar el DDL TABLE para el objeto TAMBO.BIN$MAhZkU7uQKe1pDJEsStLyw==$0 mientras que DBMS_METADATA intenta utilizar el generador interno.
CREATE TABLE "BIN$MAhZkU7uQKe1pDJEsStLyw==$0" 
(
  ID_TERNERA NUMBER(*, 0) NOT NULL 
, ID_MEDICAMENTO NUMBER(*, 0) NOT NULL 
, FECHA DATE NOT NULL 
, CANTIDAD NUMBER(2, 2) NOT NULL 
, CONSTRAINT "BIN$iF2v5YpqQEuNpC3Y0zim9w==$0" PRIMARY KEY 
  (
    ID_TERNERA 
  , ID_MEDICAMENTO 
  , FECHA 
  )
  ENABLE 
)ALTER TABLE "BIN$MAhZkU7uQKe1pDJEsStLyw==$0"
ADD CONSTRAINT "BIN$DPTIAqefTIKIb1tM/qx0TA==$0" CHECK 
("ID_TERNERA" IS NOT NULL)
ENABLE
ALTER TABLE "BIN$MAhZkU7uQKe1pDJEsStLyw==$0"
ADD CONSTRAINT "BIN$PfPpw59wS2KqE9HphwXDcg==$0" CHECK 
("FECHA" IS NOT NULL)
ENABLE
ALTER TABLE "BIN$MAhZkU7uQKe1pDJEsStLyw==$0"
ADD CONSTRAINT "BIN$e/Z7m+XGRFuVUq2/CQNnEg==$0" CHECK 
("ID_MEDICAMENTO" IS NOT NULL)
ENABLE
ALTER TABLE "BIN$MAhZkU7uQKe1pDJEsStLyw==$0"
ADD CONSTRAINT "BIN$yusZYCEcSq6vcI8JAdTHiQ==$0" CHECK 
("CANTIDAD" IS NOT NULL)
ENABLE
-- No se ha podido presentar el DDL TABLE para el objeto TAMBO.BIN$MJ5osXeJQ2ODfnqCDLcbSg==$0 mientras que DBMS_METADATA intenta utilizar el generador interno.
CREATE TABLE "BIN$MJ5osXeJQ2ODfnqCDLcbSg==$0" 
(
  ID_UNIDAD NUMBER(*, 0) NOT NULL 
, UNIDAD VARCHAR2(25 BYTE) NOT NULL 
, CONSTRAINT "BIN$Yscpy5rSR1CZ0M5u6KSDlg==$0" PRIMARY KEY 
  (
    ID_UNIDAD 
  )
  ENABLE 
)ALTER TABLE "BIN$MJ5osXeJQ2ODfnqCDLcbSg==$0"
ADD CONSTRAINT "BIN$OMZMe1ZPTsKoQ7qD72zoVA==$0" UNIQUE 
(
  UNIDAD 
)
ENABLE
-- No se ha podido presentar el DDL TABLE para el objeto TAMBO.BIN$nBOsQuDiRbSd/sE4PatdZw==$0 mientras que DBMS_METADATA intenta utilizar el generador interno.
CREATE TABLE "BIN$nBOsQuDiRbSd/sE4PatdZw==$0" 
(
  ID_TERNERA NUMBER(*, 0) NOT NULL 
, ID_MEDICAMENTO NUMBER(*, 0) NOT NULL 
, FECHA DATE NOT NULL 
, CANTIDAD NUMBER(2, 2) NOT NULL 
, CONSTRAINT "BIN$ZzAxqVljQ1KWaVpV9IFEHg==$0" PRIMARY KEY 
  (
    ID_TERNERA 
  , ID_MEDICAMENTO 
  , FECHA 
  )
  ENABLE 
)ALTER TABLE "BIN$nBOsQuDiRbSd/sE4PatdZw==$0"
ADD CONSTRAINT "BIN$KyiH+q0KQF2BVrG/G8nYXw==$0" CHECK 
("FECHA" IS NOT NULL)
ENABLE
ALTER TABLE "BIN$nBOsQuDiRbSd/sE4PatdZw==$0"
ADD CONSTRAINT "BIN$SMfaOeCtTH+lj6C0i2SHig==$0" CHECK 
("CANTIDAD" IS NOT NULL)
ENABLE
ALTER TABLE "BIN$nBOsQuDiRbSd/sE4PatdZw==$0"
ADD CONSTRAINT "BIN$kKRziq7rRZ+Bd2HfOHYEgg==$0" CHECK 
("ID_TERNERA" IS NOT NULL)
ENABLE
ALTER TABLE "BIN$nBOsQuDiRbSd/sE4PatdZw==$0"
ADD CONSTRAINT "BIN$qb5EfHZdR2i5P2OJKxcqDA==$0" CHECK 
("ID_MEDICAMENTO" IS NOT NULL)
ENABLE
-- No se ha podido presentar el DDL TABLE para el objeto TAMBO.BIN$ngQj2ol9RoC/SR7OvHj8hg==$0 mientras que DBMS_METADATA intenta utilizar el generador interno.
CREATE TABLE "BIN$ngQj2ol9RoC/SR7OvHj8hg==$0" 
(
  ID_TERNERA NUMBER(*, 0) NOT NULL 
, ID_ENFERMEDAD NUMBER(*, 0) NOT NULL 
, FECHA_DESDE DATE NOT NULL 
, FECHA_HASTA DATE 
, OBSERVACION VARCHAR2(250 BYTE) 
, CONSTRAINT "BIN$QR0jNXKlQbemt7j6zUQM/A==$0" PRIMARY KEY 
  (
    ID_TERNERA 
  , ID_ENFERMEDAD 
  , FECHA_DESDE 
  )
  ENABLE 
)ALTER TABLE "BIN$ngQj2ol9RoC/SR7OvHj8hg==$0"
ADD CONSTRAINT "BIN$+OsrsdsJS4CYkz2foRf+OQ==$0" CHECK 
("ID_TERNERA" IS NOT NULL)
ENABLE
ALTER TABLE "BIN$ngQj2ol9RoC/SR7OvHj8hg==$0"
ADD CONSTRAINT "BIN$hXrqTFa4Sfq6b0jsZUP/6w==$0" CHECK 
("FECHA_DESDE" IS NOT NULL)
ENABLE
ALTER TABLE "BIN$ngQj2ol9RoC/SR7OvHj8hg==$0"
ADD CONSTRAINT "BIN$wD5oB/gfRaGaMO363nteCg==$0" CHECK 
("ID_ENFERMEDAD" IS NOT NULL)
ENABLE
-- No se ha podido presentar el DDL TABLE para el objeto TAMBO.BIN$Nr21LxIkQYStE7LNq/sirg==$0 mientras que DBMS_METADATA intenta utilizar el generador interno.
CREATE TABLE "BIN$Nr21LxIkQYStE7LNq/sirg==$0" 
(
  ID_ALIMENTO NUMBER(2, 0) NOT NULL 
, NOMBRE VARCHAR2(25 BYTE) NOT NULL 
, COSTO_UNIDAD NUMBER(5, 2) NOT NULL 
, CANTIDAD NUMBER(5, 2) NOT NULL 
, ID_UNIDAD NUMBER(*, 0) NOT NULL 
, CONSTRAINT "BIN$f7BfYYCGQNCUeTezJB08VA==$0" PRIMARY KEY 
  (
    ID_ALIMENTO 
  )
  ENABLE 
)ALTER TABLE "BIN$Nr21LxIkQYStE7LNq/sirg==$0"
ADD CONSTRAINT "BIN$0IZDYcxjReSpXsJJMyi9LQ==$0" CHECK 
("ID_UNIDAD" IS NOT NULL)
ENABLE
ALTER TABLE "BIN$Nr21LxIkQYStE7LNq/sirg==$0"
ADD CONSTRAINT "BIN$1eYSoxxxTlaeW5EW1iB6kw==$0" CHECK 
("CANTIDAD" IS NOT NULL)
ENABLE
ALTER TABLE "BIN$Nr21LxIkQYStE7LNq/sirg==$0"
ADD CONSTRAINT "BIN$2vcyuiklRuaOIJGi8JjnxQ==$0" CHECK 
("ID_ALIMENTO" IS NOT NULL)
ENABLE
ALTER TABLE "BIN$Nr21LxIkQYStE7LNq/sirg==$0"
ADD CONSTRAINT "BIN$94tFT10jRWa730VEXielWw==$0" CHECK 
("NOMBRE" IS NOT NULL)
ENABLE
ALTER TABLE "BIN$Nr21LxIkQYStE7LNq/sirg==$0"
ADD CONSTRAINT "BIN$yXlwmkcwSe60ql3XIENZQA==$0" CHECK 
("COSTO_UNIDAD" IS NOT NULL)
ENABLE
-- No se ha podido presentar el DDL TABLE para el objeto TAMBO.BIN$NzfEi1esSy+6zzZopNEnUw==$0 mientras que DBMS_METADATA intenta utilizar el generador interno.
CREATE TABLE "BIN$NzfEi1esSy+6zzZopNEnUw==$0" 
(
  ID_TERNERA NUMBER(*, 0) NOT NULL 
, ID_ENFERMEDAD NUMBER(*, 0) NOT NULL 
, FECHA_DESDE DATE NOT NULL 
, FECHA_HASTA DATE 
, OBSERVACION VARCHAR2(250 BYTE) 
, CONSTRAINT "BIN$Q4qibOg+TVmJ4AZ/Jvh9Ug==$0" PRIMARY KEY 
  (
    ID_TERNERA 
  , ID_ENFERMEDAD 
  , FECHA_DESDE 
  )
  ENABLE 
)ALTER TABLE "BIN$NzfEi1esSy+6zzZopNEnUw==$0"
ADD CONSTRAINT "BIN$9iLt9WM6Q2OVow2UqmO/8g==$0" CHECK 
("ID_TERNERA" IS NOT NULL)
ENABLE
ALTER TABLE "BIN$NzfEi1esSy+6zzZopNEnUw==$0"
ADD CONSTRAINT "BIN$CR0MvdWyTzqH52XbLGRhFg==$0" CHECK 
("FECHA_DESDE" IS NOT NULL)
ENABLE
ALTER TABLE "BIN$NzfEi1esSy+6zzZopNEnUw==$0"
ADD CONSTRAINT "BIN$PpotxRlMTHir/B7EtV93oQ==$0" CHECK 
("ID_ENFERMEDAD" IS NOT NULL)
ENABLE
-- No se ha podido presentar el DDL TABLE para el objeto TAMBO.BIN$oGJcl/avSrWw+0D90s1Z1Q==$0 mientras que DBMS_METADATA intenta utilizar el generador interno.
CREATE TABLE "BIN$oGJcl/avSrWw+0D90s1Z1Q==$0" 
(
  ID_TERNERA NUMBER(*, 0) NOT NULL 
, ID_ENFERMEDAD NUMBER(*, 0) NOT NULL 
, FECHA_DESDE DATE NOT NULL 
, FECHA_HASTA DATE 
, OBSERVACION VARCHAR2(250 BYTE) 
, CONSTRAINT "BIN$4NWclUGWRMmL1UZitSZ5XQ==$0" PRIMARY KEY 
  (
    ID_TERNERA 
  , ID_ENFERMEDAD 
  , FECHA_DESDE 
  )
  ENABLE 
)ALTER TABLE "BIN$oGJcl/avSrWw+0D90s1Z1Q==$0"
ADD CONSTRAINT "BIN$BMRq0X+3T766Y/YlrPvEdQ==$0" CHECK 
("ID_TERNERA" IS NOT NULL)
ENABLE
ALTER TABLE "BIN$oGJcl/avSrWw+0D90s1Z1Q==$0"
ADD CONSTRAINT "BIN$Jt4JvEWJRuu+8mUbFb2KCQ==$0" CHECK 
("ID_ENFERMEDAD" IS NOT NULL)
ENABLE
ALTER TABLE "BIN$oGJcl/avSrWw+0D90s1Z1Q==$0"
ADD CONSTRAINT "BIN$ZqYvymXjSL+xCQhjwdem7w==$0" CHECK 
("FECHA_DESDE" IS NOT NULL)
ENABLE
-- No se ha podido presentar el DDL TABLE para el objeto TAMBO.BIN$oI791w+vSU+jnWsscvTVvA==$0 mientras que DBMS_METADATA intenta utilizar el generador interno.
CREATE TABLE "BIN$oI791w+vSU+jnWsscvTVvA==$0" 
(
  ID_TERNERA NUMBER(4, 0) NOT NULL 
, NRO_CARAVANA NUMBER(10, 0) NOT NULL 
, ID_MADRE NUMBER(*, 0) NOT NULL 
, ID_PADRE NUMBER(*, 0) NOT NULL 
, ID_GUACHERA NUMBER(*, 0) NOT NULL 
, FECHA_NACIMIENTO DATE NOT NULL 
, PESO_NACIMIENTO NUMBER(4, 2) NOT NULL 
, RAZA VARCHAR2(12 BYTE) NOT NULL 
, PARTO VARCHAR2(12 BYTE) NOT NULL 
, FECHA_MUERTE DATE 
, CAUSA_MUERTE VARCHAR2(500 BYTE) 
, FECHA_BAJA DATE 
, CAUSA_BAJA VARCHAR2(500 BYTE) 
, CONSTRAINT "BIN$RXPZXPSQSEWa7SvzhXxVYQ==$0" PRIMARY KEY 
  (
    ID_TERNERA 
  )
  ENABLE 
)ALTER TABLE "BIN$oI791w+vSU+jnWsscvTVvA==$0"
ADD CONSTRAINT "BIN$ppSTSiTeSSGfzbSggXLV1g==$0" UNIQUE 
(
  NRO_CARAVANA 
)
ENABLE
-- No se ha podido presentar el DDL TABLE para el objeto TAMBO.BIN$OlbujYQoQ+uOeC7JVb8kew==$0 mientras que DBMS_METADATA intenta utilizar el generador interno.
CREATE TABLE "BIN$OlbujYQoQ+uOeC7JVb8kew==$0" 
(
  ID_TERNERA NUMBER(4, 0) NOT NULL 
, NRO_CARAVANA NUMBER(10, 0) NOT NULL 
, ID_MADRE NUMBER(*, 0) NOT NULL 
, ID_PADRE NUMBER(*, 0) NOT NULL 
, ID_GUACHERA NUMBER(*, 0) NOT NULL 
, FECHA_NACIMIENTO DATE NOT NULL 
, PESO_NACIMIENTO NUMBER(4, 2) NOT NULL 
, RAZA VARCHAR2(12 BYTE) NOT NULL 
, PARTO VARCHAR2(12 BYTE) NOT NULL 
, FECHA_MUERTE DATE 
, CAUSA_MUERTE VARCHAR2(500 BYTE) 
, FECHA_BAJA DATE 
, CAUSA_BAJA VARCHAR2(500 BYTE) 
, CONSTRAINT "BIN$WhZVMvkTRnCeM3fzED/VtA==$0" PRIMARY KEY 
  (
    ID_TERNERA 
  )
  ENABLE 
)ALTER TABLE "BIN$OlbujYQoQ+uOeC7JVb8kew==$0"
ADD CONSTRAINT "BIN$oGWn75bJRXupD+95rOnCeA==$0" UNIQUE 
(
  NRO_CARAVANA 
)
ENABLE
-- No se ha podido presentar el DDL TABLE para el objeto TAMBO.BIN$rqlPa8eCSoCdi+VyR8+dzA==$0 mientras que DBMS_METADATA intenta utilizar el generador interno.
CREATE TABLE "BIN$rqlPa8eCSoCdi+VyR8+dzA==$0" 
(
  ID_ENFERMEDAD NUMBER(*, 0) NOT NULL 
, NOMBRE VARCHAR2(100 BYTE) NOT NULL 
, GRADO_GRAVEDAD NUMBER(2, 0) NOT NULL 
, CONSTRAINT "BIN$Zg/8fJ8oR1yverlHFspF5Q==$0" PRIMARY KEY 
  (
    ID_ENFERMEDAD 
  )
  ENABLE 
)ALTER TABLE "BIN$rqlPa8eCSoCdi+VyR8+dzA==$0"
ADD CONSTRAINT "BIN$9VyvFROhSRmkHxSXNW8wuA==$0" CHECK 
(GRADO_GRAVEDAD>=1 AND GRADO_GRAVEDAD<=3)
ENABLE
ALTER TABLE "BIN$rqlPa8eCSoCdi+VyR8+dzA==$0"
ADD CONSTRAINT "BIN$xZFH/Rp3S5m9Y8DHA+6QuQ==$0" CHECK 
(NOMBRE='Neumonia' OR NOMBRE='Diarrea')
ENABLEALTER TABLE "BIN$rqlPa8eCSoCdi+VyR8+dzA==$0"
ADD CONSTRAINT "BIN$oxJ/kvMLQlShvI62fERLFQ==$0" UNIQUE 
(
  NOMBRE 
, GRADO_GRAVEDAD 
)
ENABLE
-- No se ha podido presentar el DDL TABLE para el objeto TAMBO.BIN$rtiQId+qQjakpZ2dAXWubg==$0 mientras que DBMS_METADATA intenta utilizar el generador interno.
CREATE TABLE "BIN$rtiQId+qQjakpZ2dAXWubg==$0" 
(
  ID_ENFERMEDAD NUMBER(*, 0) NOT NULL 
, NOMBRE VARCHAR2(100 BYTE) NOT NULL 
, GRADO_GRAVEDAD NUMBER(2, 0) NOT NULL 
, CONSTRAINT "BIN$QvQAfHV1RvODbqZEJ8cuBg==$0" PRIMARY KEY 
  (
    ID_ENFERMEDAD 
  )
  ENABLE 
)ALTER TABLE "BIN$rtiQId+qQjakpZ2dAXWubg==$0"
ADD CONSTRAINT "BIN$dDh4HN2vRR65aWFDN1zQ8Q==$0" CHECK 
(NOMBRE='Neumonia' OR NOMBRE='Diarrea')
ENABLE
ALTER TABLE "BIN$rtiQId+qQjakpZ2dAXWubg==$0"
ADD CONSTRAINT "BIN$wZP8b+JyStKNPhRKctXTWg==$0" CHECK 
(GRADO_GRAVEDAD>=1 AND GRADO_GRAVEDAD<=3)
ENABLEALTER TABLE "BIN$rtiQId+qQjakpZ2dAXWubg==$0"
ADD CONSTRAINT "BIN$RaR44jgtRTCyzD7syHInFA==$0" UNIQUE 
(
  NOMBRE 
, GRADO_GRAVEDAD 
)
ENABLE
-- No se ha podido presentar el DDL TABLE para el objeto TAMBO.BIN$sgxsuPc9SJWaFCHSiw55lA==$0 mientras que DBMS_METADATA intenta utilizar el generador interno.
CREATE TABLE "BIN$sgxsuPc9SJWaFCHSiw55lA==$0" 
(
  ID_ENFERMEDAD NUMBER(*, 0) NOT NULL 
, NOMBRE VARCHAR2(100 BYTE) NOT NULL 
, GRADO_GRAVEDAD NUMBER(2, 0) NOT NULL 
, CONSTRAINT "BIN$QTC1mGDQQ6aIGMxek1fC9w==$0" PRIMARY KEY 
  (
    ID_ENFERMEDAD 
  )
  ENABLE 
)ALTER TABLE "BIN$sgxsuPc9SJWaFCHSiw55lA==$0"
ADD CONSTRAINT "BIN$4JZhKqC5RRmGirj4rjcfVw==$0" CHECK 
(NOMBRE='Neumonia' OR NOMBRE='Diarrea')
ENABLE
ALTER TABLE "BIN$sgxsuPc9SJWaFCHSiw55lA==$0"
ADD CONSTRAINT "BIN$FKCTN1UeQ8e1K6ReS1z+ew==$0" CHECK 
(GRADO_GRAVEDAD>=1 AND GRADO_GRAVEDAD<=3)
ENABLEALTER TABLE "BIN$sgxsuPc9SJWaFCHSiw55lA==$0"
ADD CONSTRAINT "BIN$MUi1zyPiSBqY2oVBCDMLwA==$0" UNIQUE 
(
  NOMBRE 
, GRADO_GRAVEDAD 
)
ENABLE
-- No se ha podido presentar el DDL TABLE para el objeto TAMBO.BIN$uIO6NbT/S1qheKzY22q/wg==$0 mientras que DBMS_METADATA intenta utilizar el generador interno.
CREATE TABLE "BIN$uIO6NbT/S1qheKzY22q/wg==$0" 
(
  ID_MEDICAMENTO NUMBER(*, 0) NOT NULL 
, NOMBRE VARCHAR2(100 BYTE) NOT NULL 
, DOSIS VARCHAR2(100 BYTE) NOT NULL 
, COSTO VARCHAR2(100 BYTE) NOT NULL 
, FECHA_DESDE DATE 
, FECHA_HASTA DATE 
, CONSTRAINT "BIN$etRq4He7S6iY1vXB+cvw2g==$0" PRIMARY KEY 
  (
    ID_MEDICAMENTO 
  )
  ENABLE 
)
-- No se ha podido presentar el DDL TABLE para el objeto TAMBO.BIN$UQE6buwvSYaivNIq6j6AUg==$0 mientras que DBMS_METADATA intenta utilizar el generador interno.
CREATE TABLE "BIN$UQE6buwvSYaivNIq6j6AUg==$0" 
(
  ID_TERNERA NUMBER(4, 0) NOT NULL 
, NRO_CARAVANA NUMBER(10, 0) NOT NULL 
, ID_MADRE NUMBER(*, 0) NOT NULL 
, ID_PADRE NUMBER(*, 0) NOT NULL 
, ID_GUACHERA NUMBER(*, 0) NOT NULL 
, FECHA_NACIMIENTO DATE NOT NULL 
, PESO_NACIMIENTO NUMBER(4, 2) NOT NULL 
, RAZA VARCHAR2(12 BYTE) NOT NULL 
, PARTO VARCHAR2(12 BYTE) NOT NULL 
, FECHA_MUERTE DATE 
, CAUSA_MUERTE VARCHAR2(500 BYTE) 
, FECHA_BAJA DATE 
, CAUSA_BAJA VARCHAR2(500 BYTE) 
, CONSTRAINT "BIN$QWU7dtewQAqTEe14gh3hSw==$0" PRIMARY KEY 
  (
    ID_TERNERA 
  )
  ENABLE 
)ALTER TABLE "BIN$UQE6buwvSYaivNIq6j6AUg==$0"
ADD CONSTRAINT "BIN$wqfJ1b9nT7aWxNQBeoIrCg==$0" UNIQUE 
(
  NRO_CARAVANA 
)
ENABLE
-- No se ha podido presentar el DDL TABLE para el objeto TAMBO.BIN$Uwff+lbWTkavcOtgU1Ekuw==$0 mientras que DBMS_METADATA intenta utilizar el generador interno.
CREATE TABLE "BIN$Uwff+lbWTkavcOtgU1Ekuw==$0" 
(
  ID_ENFERMEDAD NUMBER(*, 0) NOT NULL 
, NOMBRE VARCHAR2(100 BYTE) NOT NULL 
, GRADO_GRAVEDAD NUMBER(2, 0) NOT NULL 
, CONSTRAINT "BIN$DCTk+oSwS52eqhM7doCZxw==$0" PRIMARY KEY 
  (
    ID_ENFERMEDAD 
  )
  ENABLE 
)ALTER TABLE "BIN$Uwff+lbWTkavcOtgU1Ekuw==$0"
ADD CONSTRAINT "BIN$l3h41RS7R3GW/flAri7s6Q==$0" CHECK 
(NOMBRE='Neumonia' OR NOMBRE='Diarrea')
ENABLE
ALTER TABLE "BIN$Uwff+lbWTkavcOtgU1Ekuw==$0"
ADD CONSTRAINT "BIN$lMuxuO4MRLuTpniAly4g1A==$0" CHECK 
(GRADO_GRAVEDAD>=1 AND GRADO_GRAVEDAD<=3)
ENABLEALTER TABLE "BIN$Uwff+lbWTkavcOtgU1Ekuw==$0"
ADD CONSTRAINT "BIN$qNID3XfTQ0yFEQRzevVgww==$0" UNIQUE 
(
  NOMBRE 
, GRADO_GRAVEDAD 
)
ENABLE
-- No se ha podido presentar el DDL TABLE para el objeto TAMBO.BIN$V9EwPTp0R9yX1kByropkVA==$0 mientras que DBMS_METADATA intenta utilizar el generador interno.
CREATE TABLE "BIN$V9EwPTp0R9yX1kByropkVA==$0" 
(
  ID_MADRE NUMBER(4, 0) NOT NULL 
, NRO_CARAVANA NUMBER(10, 0) NOT NULL 
, CONSTRAINT "BIN$4kRJgGdyR5eLwcMBt4Qj5w==$0" PRIMARY KEY 
  (
    ID_MADRE 
  )
  ENABLE 
)ALTER TABLE "BIN$V9EwPTp0R9yX1kByropkVA==$0"
ADD CONSTRAINT "BIN$iDME+HBdQl6cFFwdnPGUCg==$0" UNIQUE 
(
  NRO_CARAVANA 
)
ENABLE
-- No se ha podido presentar el DDL TABLE para el objeto TAMBO.BIN$WaX54BtSRoKHdnmARiPeKg==$0 mientras que DBMS_METADATA intenta utilizar el generador interno.
CREATE TABLE "BIN$WaX54BtSRoKHdnmARiPeKg==$0" 
(
  ID_PESO NUMBER(*, 0) NOT NULL 
, ID_TERNERA NUMBER(*, 0) NOT NULL 
, TIPO_REGISTRO VARCHAR2(50 BYTE) NOT NULL 
, FECHA DATE NOT NULL 
, PESO NUMBER(4, 2) NOT NULL 
, CONSTRAINT "BIN$sEqByrSWTMCpg2s4GsARTA==$0" PRIMARY KEY 
  (
    ID_PESO 
  )
  ENABLE 
)ALTER TABLE "BIN$WaX54BtSRoKHdnmARiPeKg==$0"
ADD CONSTRAINT "BIN$0pkcsvDuTlmBd0A82S+YGA==$0" CHECK 
("ID_TERNERA" IS NOT NULL)
ENABLE
ALTER TABLE "BIN$WaX54BtSRoKHdnmARiPeKg==$0"
ADD CONSTRAINT "BIN$R9+UDGC5S+ys53WVwX5iFQ==$0" CHECK 
("ID_PESO" IS NOT NULL)
ENABLE
ALTER TABLE "BIN$WaX54BtSRoKHdnmARiPeKg==$0"
ADD CONSTRAINT "BIN$UqBQwfeeRIKvOBBRWGlfUQ==$0" CHECK 
("PESO" IS NOT NULL)
ENABLE
ALTER TABLE "BIN$WaX54BtSRoKHdnmARiPeKg==$0"
ADD CONSTRAINT "BIN$t8b3cMJ5SXWbYrg4K3Apag==$0" CHECK 
("FECHA" IS NOT NULL)
ENABLE
ALTER TABLE "BIN$WaX54BtSRoKHdnmARiPeKg==$0"
ADD CONSTRAINT "BIN$uE66N7oOQYuCXoTU63lpPg==$0" CHECK 
("TIPO_REGISTRO" IS NOT NULL)
ENABLEALTER TABLE "BIN$WaX54BtSRoKHdnmARiPeKg==$0"
ADD CONSTRAINT "BIN$R+RmcwEbS3CUjWPRSJy7AQ==$0" UNIQUE 
(
  ID_TERNERA 
, FECHA 
)
ENABLE
-- No se ha podido presentar el DDL TABLE para el objeto TAMBO.BIN$XsLQm3WATgGAGUALbSFjWA==$0 mientras que DBMS_METADATA intenta utilizar el generador interno.
CREATE TABLE "BIN$XsLQm3WATgGAGUALbSFjWA==$0" 
(
  ID_ENFERMEDAD NUMBER(*, 0) NOT NULL 
, NOMBRE VARCHAR2(100 BYTE) NOT NULL 
, GRADO_GRAVEDAD NUMBER(2, 0) NOT NULL 
, CONSTRAINT "BIN$tpQ82AYWTiWAgcg3rAWCPQ==$0" PRIMARY KEY 
  (
    ID_ENFERMEDAD 
  )
  ENABLE 
)ALTER TABLE "BIN$XsLQm3WATgGAGUALbSFjWA==$0"
ADD CONSTRAINT "BIN$pp0RzPZYStS7JH7dtZEftA==$0" CHECK 
(NOMBRE='Neumonia' OR NOMBRE='Diarrea')
ENABLE
ALTER TABLE "BIN$XsLQm3WATgGAGUALbSFjWA==$0"
ADD CONSTRAINT "BIN$uKp3acahSAGc6gR1uzx5WA==$0" CHECK 
(GRADO_GRAVEDAD>=1 AND GRADO_GRAVEDAD<=3)
ENABLEALTER TABLE "BIN$XsLQm3WATgGAGUALbSFjWA==$0"
ADD CONSTRAINT "BIN$Mt4bSzHDSuCfsrbDfCh2BQ==$0" UNIQUE 
(
  NOMBRE 
, GRADO_GRAVEDAD 
)
ENABLE
-- No se ha podido presentar el DDL TABLE para el objeto TAMBO.BIN$/XxVc/03Q/GdUggFjDbKgw==$0 mientras que DBMS_METADATA intenta utilizar el generador interno.
CREATE TABLE "BIN$/XxVc/03Q/GdUggFjDbKgw==$0" 
(
  ID_PESO NUMBER(*, 0) NOT NULL 
, ID_TERNERA NUMBER(*, 0) NOT NULL 
, TIPO_REGISTRO VARCHAR2(50 BYTE) NOT NULL 
, FECHA DATE NOT NULL 
, PESO NUMBER(4, 2) NOT NULL 
, CONSTRAINT "BIN$JSNQVCAbSaKY7euXNsQS1A==$0" PRIMARY KEY 
  (
    ID_PESO 
  )
  ENABLE 
)ALTER TABLE "BIN$/XxVc/03Q/GdUggFjDbKgw==$0"
ADD CONSTRAINT "BIN$+6QY6x0dTV2pStjArViJWQ==$0" CHECK 
("TIPO_REGISTRO" IS NOT NULL)
ENABLE
ALTER TABLE "BIN$/XxVc/03Q/GdUggFjDbKgw==$0"
ADD CONSTRAINT "BIN$CBfXk9x5TT+ghEGvqQxA0w==$0" CHECK 
("PESO" IS NOT NULL)
ENABLE
ALTER TABLE "BIN$/XxVc/03Q/GdUggFjDbKgw==$0"
ADD CONSTRAINT "BIN$d80724xNTO6afE36Ckq9oQ==$0" CHECK 
("FECHA" IS NOT NULL)
ENABLE
ALTER TABLE "BIN$/XxVc/03Q/GdUggFjDbKgw==$0"
ADD CONSTRAINT "BIN$hZjNgYm2Q9G21+glHBWFlQ==$0" CHECK 
("ID_TERNERA" IS NOT NULL)
ENABLE
ALTER TABLE "BIN$/XxVc/03Q/GdUggFjDbKgw==$0"
ADD CONSTRAINT "BIN$sB456SVHRjKJGLQu+uM3ZQ==$0" CHECK 
("ID_PESO" IS NOT NULL)
ENABLEALTER TABLE "BIN$/XxVc/03Q/GdUggFjDbKgw==$0"
ADD CONSTRAINT "BIN$tkJrwQ7DSHuecGQjXx1MuA==$0" UNIQUE 
(
  ID_TERNERA 
, FECHA 
)
ENABLE
-- No se ha podido presentar el DDL TABLE para el objeto TAMBO.BIN$yFxnHM1gSJesQPkV8+fP4Q==$0 mientras que DBMS_METADATA intenta utilizar el generador interno.
CREATE TABLE "BIN$yFxnHM1gSJesQPkV8+fP4Q==$0" 
(
  ID_UNIDAD NUMBER(*, 0) NOT NULL 
, UNIDAD VARCHAR2(25 BYTE) NOT NULL 
, CONSTRAINT "BIN$k+xv1bWITNqtl9sznhdjxA==$0" PRIMARY KEY 
  (
    ID_UNIDAD 
  )
  ENABLE 
)ALTER TABLE "BIN$yFxnHM1gSJesQPkV8+fP4Q==$0"
ADD CONSTRAINT "BIN$OKp9lAY4QwuZlj0jYspO6A==$0" UNIQUE 
(
  UNIDAD 
)
ENABLE
-- No se ha podido presentar el DDL TABLE para el objeto TAMBO.BIN$yl1iEHEaSVaGQWNbA17MHA==$0 mientras que DBMS_METADATA intenta utilizar el generador interno.
CREATE TABLE "BIN$yl1iEHEaSVaGQWNbA17MHA==$0" 
(
  ID_MEDICAMENTO NUMBER(*, 0) NOT NULL 
, NOMBRE VARCHAR2(100 BYTE) NOT NULL 
, DOSIS VARCHAR2(100 BYTE) NOT NULL 
, COSTO VARCHAR2(100 BYTE) NOT NULL 
, FECHA_DESDE DATE 
, FECHA_HASTA DATE 
, CONSTRAINT "BIN$7WuF7VDiRIyt4w0XSXqMcg==$0" PRIMARY KEY 
  (
    ID_MEDICAMENTO 
  )
  ENABLE 
)
-- No se ha podido presentar el DDL TABLE para el objeto TAMBO.BIN$YMCu25gtR0yAET986DnEUQ==$0 mientras que DBMS_METADATA intenta utilizar el generador interno.
CREATE TABLE "BIN$YMCu25gtR0yAET986DnEUQ==$0" 
(
  ID_TERNERA NUMBER(*, 0) NOT NULL 
, ID_MEDICAMENTO NUMBER(*, 0) NOT NULL 
, FECHA DATE NOT NULL 
, CANTIDAD NUMBER(2, 2) NOT NULL 
, CONSTRAINT "BIN$CDQdjxnWTTSB7+KfbgR/jQ==$0" PRIMARY KEY 
  (
    ID_TERNERA 
  , ID_MEDICAMENTO 
  , FECHA 
  )
  ENABLE 
)ALTER TABLE "BIN$YMCu25gtR0yAET986DnEUQ==$0"
ADD CONSTRAINT "BIN$I3pN6I2ES4GYv71nsGaeLg==$0" CHECK 
("ID_TERNERA" IS NOT NULL)
ENABLE
ALTER TABLE "BIN$YMCu25gtR0yAET986DnEUQ==$0"
ADD CONSTRAINT "BIN$N4xgLzxfSEC83tXTvDmxAw==$0" CHECK 
("FECHA" IS NOT NULL)
ENABLE
ALTER TABLE "BIN$YMCu25gtR0yAET986DnEUQ==$0"
ADD CONSTRAINT "BIN$aQwQmSA2Rma6zf1zcJ/OKQ==$0" CHECK 
("CANTIDAD" IS NOT NULL)
ENABLE
ALTER TABLE "BIN$YMCu25gtR0yAET986DnEUQ==$0"
ADD CONSTRAINT "BIN$bWGbSvN6SY66sbqpwlJ0+A==$0" CHECK 
("ID_MEDICAMENTO" IS NOT NULL)
ENABLE
-- No se ha podido presentar el DDL TABLE para el objeto TAMBO.BIN$Yp6UybkuRTax5KKgaVMYaQ==$0 mientras que DBMS_METADATA intenta utilizar el generador interno.
CREATE TABLE "BIN$Yp6UybkuRTax5KKgaVMYaQ==$0" 
(
  ID_GUACHERA NUMBER(*, 0) NOT NULL 
, PK_GUACHERA VARCHAR2(12 BYTE) NOT NULL 
, ID_USUARIO NUMBER(*, 0) NOT NULL 
, NOMBRE VARCHAR2(70 BYTE) NOT NULL 
, CONSTRAINT "BIN$KgAQxIb6TfOEmYyfOW24ag==$0" PRIMARY KEY 
  (
    ID_GUACHERA 
  )
  ENABLE 
)ALTER TABLE "BIN$Yp6UybkuRTax5KKgaVMYaQ==$0"
ADD CONSTRAINT "BIN$2i6IdBJJQKWwPRp6nVoV+w==$0" CHECK 
("PK_GUACHERA" IS NOT NULL)
ENABLE
ALTER TABLE "BIN$Yp6UybkuRTax5KKgaVMYaQ==$0"
ADD CONSTRAINT "BIN$4fEKodGeTTKpSVQ8FXZLpQ==$0" CHECK 
("ID_USUARIO" IS NOT NULL)
ENABLE
ALTER TABLE "BIN$Yp6UybkuRTax5KKgaVMYaQ==$0"
ADD CONSTRAINT "BIN$4jjdY1v5RCOY3ANm9r8VQA==$0" CHECK 
("NOMBRE" IS NOT NULL)
ENABLE
ALTER TABLE "BIN$Yp6UybkuRTax5KKgaVMYaQ==$0"
ADD CONSTRAINT "BIN$zuP5T3KQRqW6p6kVwLfsqQ==$0" CHECK 
("ID_GUACHERA" IS NOT NULL)
ENABLEALTER TABLE "BIN$Yp6UybkuRTax5KKgaVMYaQ==$0"
ADD CONSTRAINT "BIN$JH6xowr6T1yr/x9qG/hHcw==$0" UNIQUE 
(
  PK_GUACHERA 
)
ENABLE
ALTER TABLE "BIN$Yp6UybkuRTax5KKgaVMYaQ==$0"
ADD CONSTRAINT "BIN$jpHNOdV3RjKsSp1cef74ng==$0" UNIQUE 
(
  NOMBRE 
)
ENABLE
-- No se ha podido presentar el DDL TABLE para el objeto TAMBO.BIN$zc0QOEtDSsSVAZHzNlDSYQ==$0 mientras que DBMS_METADATA intenta utilizar el generador interno.
CREATE TABLE "BIN$zc0QOEtDSsSVAZHzNlDSYQ==$0" 
(
  ID_PADRE NUMBER(4, 0) NOT NULL 
, NRO_CARAVANA NUMBER(10, 0) NOT NULL 
, CONSTRAINT "BIN$w2pg0WD9SZ2kwuwrbYak9w==$0" PRIMARY KEY 
  (
    ID_PADRE 
  )
  ENABLE 
)ALTER TABLE "BIN$zc0QOEtDSsSVAZHzNlDSYQ==$0"
ADD CONSTRAINT "BIN$qqz6FmrQQ3OlD9+nBD6T7w==$0" UNIQUE 
(
  NRO_CARAVANA 
)
ENABLE
-- No se ha podido presentar el DDL TABLE para el objeto TAMBO.BIN$zMnIpNZBS2a+t19AqSl/WA==$0 mientras que DBMS_METADATA intenta utilizar el generador interno.
CREATE TABLE "BIN$zMnIpNZBS2a+t19AqSl/WA==$0" 
(
  ID_USUARIO NUMBER(*, 0) NOT NULL 
, USUARIO VARCHAR2(100 BYTE) NOT NULL 
, NOMBRE VARCHAR2(50 BYTE) NOT NULL 
, APELLIDO VARCHAR2(50 BYTE) NOT NULL 
, PERFIL VARCHAR2(50 BYTE) NOT NULL 
, CONTRASENIA VARCHAR2(16 BYTE) NOT NULL 
, CONSTRAINT "BIN$JhmTahLeSzGBAuoO7T8Q/g==$0" PRIMARY KEY 
  (
    ID_USUARIO 
  )
  ENABLE 
)
-- No se ha podido presentar el DDL TABLE para el objeto TAMBO.BIN$zXAyJKcURoSNUzv5jWqcBA==$0 mientras que DBMS_METADATA intenta utilizar el generador interno.
CREATE TABLE "BIN$zXAyJKcURoSNUzv5jWqcBA==$0" 
(
  ID_TERNERA NUMBER(*, 0) NOT NULL 
, ID_ALIMENTO NUMBER(*, 0) NOT NULL 
, FECHA DATE NOT NULL 
, CANTIDAD NUMBER(5, 2) NOT NULL 
, CONSTRAINT "BIN$6+Lx9yt+RLCWdMuz2+uTgg==$0" PRIMARY KEY 
  (
    ID_TERNERA 
  , ID_ALIMENTO 
  , FECHA 
  )
  ENABLE 
)ALTER TABLE "BIN$zXAyJKcURoSNUzv5jWqcBA==$0"
ADD CONSTRAINT "BIN$2wzqzuIZT8O2ORXiLZQVWQ==$0" CHECK 
("CANTIDAD" IS NOT NULL)
ENABLE
ALTER TABLE "BIN$zXAyJKcURoSNUzv5jWqcBA==$0"
ADD CONSTRAINT "BIN$bjDuN6n6TiCIfduBMlfckQ==$0" CHECK 
("ID_TERNERA" IS NOT NULL)
ENABLE
ALTER TABLE "BIN$zXAyJKcURoSNUzv5jWqcBA==$0"
ADD CONSTRAINT "BIN$stTXKpkrTtGl2VapmE6HhA==$0" CHECK 
("FECHA" IS NOT NULL)
ENABLE
ALTER TABLE "BIN$zXAyJKcURoSNUzv5jWqcBA==$0"
ADD CONSTRAINT "BIN$tbTxNa+ISTWz502Ic3guzg==$0" CHECK 
("ID_ALIMENTO" IS NOT NULL)
ENABLE
-- No se ha podido presentar el DDL TABLE para el objeto TAMBO.BIN$1aOnGWClTm+EXkOY0izVSg==$0 mientras que DBMS_METADATA intenta utilizar el generador interno.
CREATE TABLE "BIN$1aOnGWClTm+EXkOY0izVSg==$0" 
(
  ID_TERNERA NUMBER(*, 0) NOT NULL 
, ID_ALIMENTO NUMBER(*, 0) NOT NULL 
, FECHA DATE NOT NULL 
, CANTIDAD NUMBER(5, 2) NOT NULL 
, CONSTRAINT "BIN$7czGqLc4TEybGqv+1Vi6ew==$0" PRIMARY KEY 
  (
    ID_TERNERA 
  , ID_ALIMENTO 
  , FECHA 
  )
  ENABLE 
)ALTER TABLE "BIN$1aOnGWClTm+EXkOY0izVSg==$0"
ADD CONSTRAINT "BIN$9LfGgb+jRAG5S/4+dNRjpw==$0" CHECK 
("ID_ALIMENTO" IS NOT NULL)
ENABLE
ALTER TABLE "BIN$1aOnGWClTm+EXkOY0izVSg==$0"
ADD CONSTRAINT "BIN$IrZRjGVASvuz5nduxoSP+Q==$0" CHECK 
("CANTIDAD" IS NOT NULL)
ENABLE
ALTER TABLE "BIN$1aOnGWClTm+EXkOY0izVSg==$0"
ADD CONSTRAINT "BIN$X07BEWYBTHGGy81+01mdCA==$0" CHECK 
("ID_TERNERA" IS NOT NULL)
ENABLE
ALTER TABLE "BIN$1aOnGWClTm+EXkOY0izVSg==$0"
ADD CONSTRAINT "BIN$nEo0NE2ERJC8wcA6CAdZ3A==$0" CHECK 
("FECHA" IS NOT NULL)
ENABLE
-- No se ha podido presentar el DDL TABLE para el objeto TAMBO.BIN$3CAdrrvPQ4+g71kT/XVNJw==$0 mientras que DBMS_METADATA intenta utilizar el generador interno.
CREATE TABLE "BIN$3CAdrrvPQ4+g71kT/XVNJw==$0" 
(
  ID_PESO NUMBER(*, 0) NOT NULL 
, ID_TERNERA NUMBER(*, 0) NOT NULL 
, TIPO_REGISTRO VARCHAR2(50 BYTE) NOT NULL 
, FECHA DATE NOT NULL 
, PESO NUMBER(4, 2) NOT NULL 
, CONSTRAINT "BIN$YCWNQE5RTDKIE3YWcLlDhw==$0" PRIMARY KEY 
  (
    ID_PESO 
  )
  ENABLE 
)ALTER TABLE "BIN$3CAdrrvPQ4+g71kT/XVNJw==$0"
ADD CONSTRAINT "BIN$BxWTU5qaQcii5Bfbz4YcNg==$0" CHECK 
("ID_TERNERA" IS NOT NULL)
ENABLE
ALTER TABLE "BIN$3CAdrrvPQ4+g71kT/XVNJw==$0"
ADD CONSTRAINT "BIN$E1MgKZPPTU22F0W4xFzm+A==$0" CHECK 
("TIPO_REGISTRO" IS NOT NULL)
ENABLE
ALTER TABLE "BIN$3CAdrrvPQ4+g71kT/XVNJw==$0"
ADD CONSTRAINT "BIN$KcGM15I1TyKBMGY0uJLT6Q==$0" CHECK 
("PESO" IS NOT NULL)
ENABLE
ALTER TABLE "BIN$3CAdrrvPQ4+g71kT/XVNJw==$0"
ADD CONSTRAINT "BIN$WV55Yp9zTje1SpRufk+MaQ==$0" CHECK 
("FECHA" IS NOT NULL)
ENABLE
ALTER TABLE "BIN$3CAdrrvPQ4+g71kT/XVNJw==$0"
ADD CONSTRAINT "BIN$oKdtrJ3vSNKbr+GuRHNtnQ==$0" CHECK 
("ID_PESO" IS NOT NULL)
ENABLEALTER TABLE "BIN$3CAdrrvPQ4+g71kT/XVNJw==$0"
ADD CONSTRAINT "BIN$92vH4BaVRxWR/aJWj+GrhA==$0" UNIQUE 
(
  ID_TERNERA 
, FECHA 
)
ENABLE
-- No se ha podido presentar el DDL TABLE para el objeto TAMBO.BIN$3kv6WzYASrCs6a3dnLGSog==$0 mientras que DBMS_METADATA intenta utilizar el generador interno.
CREATE TABLE "BIN$3kv6WzYASrCs6a3dnLGSog==$0" 
(
  ID_ALIMENTO NUMBER(2, 0) NOT NULL 
, NOMBRE VARCHAR2(25 BYTE) NOT NULL 
, COSTO_UNIDAD NUMBER(5, 2) NOT NULL 
, CANTIDAD NUMBER(5, 2) NOT NULL 
, ID_UNIDAD NUMBER(*, 0) NOT NULL 
, CONSTRAINT "BIN$54iXL72uSvKvToEQY1iKGA==$0" PRIMARY KEY 
  (
    ID_ALIMENTO 
  )
  ENABLE 
)ALTER TABLE "BIN$3kv6WzYASrCs6a3dnLGSog==$0"
ADD CONSTRAINT "BIN$7PhefyG3RQ6JydYifyZ6pQ==$0" CHECK 
("CANTIDAD" IS NOT NULL)
ENABLE
ALTER TABLE "BIN$3kv6WzYASrCs6a3dnLGSog==$0"
ADD CONSTRAINT "BIN$8fJMzLFSSqWTPeyCa0WXZQ==$0" CHECK 
("NOMBRE" IS NOT NULL)
ENABLE
ALTER TABLE "BIN$3kv6WzYASrCs6a3dnLGSog==$0"
ADD CONSTRAINT "BIN$JugyI54rSOifkqAI0Li54g==$0" CHECK 
("COSTO_UNIDAD" IS NOT NULL)
ENABLE
ALTER TABLE "BIN$3kv6WzYASrCs6a3dnLGSog==$0"
ADD CONSTRAINT "BIN$Q1c3+ghVTb6hyLeFyyZENQ==$0" CHECK 
("ID_UNIDAD" IS NOT NULL)
ENABLE
ALTER TABLE "BIN$3kv6WzYASrCs6a3dnLGSog==$0"
ADD CONSTRAINT "BIN$VvXTeNh2TNii5CQe2udyQw==$0" CHECK 
("ID_ALIMENTO" IS NOT NULL)
ENABLE
-- No se ha podido presentar el DDL TABLE para el objeto TAMBO.BIN$34xdoGtlRVSCPZ8ksD8wKQ==$0 mientras que DBMS_METADATA intenta utilizar el generador interno.
CREATE TABLE "BIN$34xdoGtlRVSCPZ8ksD8wKQ==$0" 
(
  ID_TERNERA NUMBER(*, 0) NOT NULL 
, ID_MEDICAMENTO NUMBER(*, 0) NOT NULL 
, FECHA DATE NOT NULL 
, CANTIDAD NUMBER(2, 2) NOT NULL 
, CONSTRAINT "BIN$hQ6z0SnoQYenyVFhwOAogw==$0" PRIMARY KEY 
  (
    ID_TERNERA 
  , ID_MEDICAMENTO 
  , FECHA 
  )
  ENABLE 
)ALTER TABLE "BIN$34xdoGtlRVSCPZ8ksD8wKQ==$0"
ADD CONSTRAINT "BIN$2gbmgs6GS4CRhV0A7rP/bg==$0" CHECK 
("FECHA" IS NOT NULL)
ENABLE
ALTER TABLE "BIN$34xdoGtlRVSCPZ8ksD8wKQ==$0"
ADD CONSTRAINT "BIN$6WkSAfpOTbiLW09w4vFvCQ==$0" CHECK 
("ID_MEDICAMENTO" IS NOT NULL)
ENABLE
ALTER TABLE "BIN$34xdoGtlRVSCPZ8ksD8wKQ==$0"
ADD CONSTRAINT "BIN$Cwfz9P7VSkuKrWfrsDCO8Q==$0" CHECK 
("CANTIDAD" IS NOT NULL)
ENABLE
ALTER TABLE "BIN$34xdoGtlRVSCPZ8ksD8wKQ==$0"
ADD CONSTRAINT "BIN$PzKkVpo2TkW1ss/LosdJEw==$0" CHECK 
("ID_TERNERA" IS NOT NULL)
ENABLE
-- No se ha podido presentar el DDL TABLE para el objeto TAMBO.BIN$36dXREvVQZ20N3es9H97vg==$0 mientras que DBMS_METADATA intenta utilizar el generador interno.
CREATE TABLE "BIN$36dXREvVQZ20N3es9H97vg==$0" 
(
  ID_ALIMENTO NUMBER(2, 0) NOT NULL 
, NOMBRE VARCHAR2(25 BYTE) NOT NULL 
, COSTO_UNIDAD NUMBER(5, 2) NOT NULL 
, CANTIDAD NUMBER(5, 2) NOT NULL 
, ID_UNIDAD NUMBER(*, 0) NOT NULL 
, CONSTRAINT "BIN$ohNb8d6wSXSLF5bEsiNR/Q==$0" PRIMARY KEY 
  (
    ID_ALIMENTO 
  )
  ENABLE 
)ALTER TABLE "BIN$36dXREvVQZ20N3es9H97vg==$0"
ADD CONSTRAINT "BIN$N1x9kcFZQ0uGW5vOyQey+w==$0" CHECK 
("ID_UNIDAD" IS NOT NULL)
ENABLE
ALTER TABLE "BIN$36dXREvVQZ20N3es9H97vg==$0"
ADD CONSTRAINT "BIN$SLtKdRPXTSSoO8jhysayKA==$0" CHECK 
("CANTIDAD" IS NOT NULL)
ENABLE
ALTER TABLE "BIN$36dXREvVQZ20N3es9H97vg==$0"
ADD CONSTRAINT "BIN$g86075D2SLK6s2K7mBt+fQ==$0" CHECK 
("ID_ALIMENTO" IS NOT NULL)
ENABLE
ALTER TABLE "BIN$36dXREvVQZ20N3es9H97vg==$0"
ADD CONSTRAINT "BIN$hs5/gQ0KR0ux/kRV1/9XQQ==$0" CHECK 
("NOMBRE" IS NOT NULL)
ENABLE
ALTER TABLE "BIN$36dXREvVQZ20N3es9H97vg==$0"
ADD CONSTRAINT "BIN$oMU1IibaT8iN1KXMkykcJw==$0" CHECK 
("COSTO_UNIDAD" IS NOT NULL)
ENABLE
-- No se ha podido presentar el DDL TABLE para el objeto TAMBO.BIN$3+6qjmUDROuo3ItQ+T013A==$0 mientras que DBMS_METADATA intenta utilizar el generador interno.
CREATE TABLE "BIN$3+6qjmUDROuo3ItQ+T013A==$0" 
(
  ID_TERNERA NUMBER(*, 0) NOT NULL 
, ID_MEDICAMENTO NUMBER(*, 0) NOT NULL 
, FECHA DATE NOT NULL 
, CANTIDAD NUMBER(2, 2) NOT NULL 
, CONSTRAINT "BIN$yn6ig5k8Symtd9P1Vg6LDQ==$0" PRIMARY KEY 
  (
    ID_TERNERA 
  , ID_MEDICAMENTO 
  , FECHA 
  )
  ENABLE 
)ALTER TABLE "BIN$3+6qjmUDROuo3ItQ+T013A==$0"
ADD CONSTRAINT "BIN$1/I38dNdSPiOFiGmEPgI4Q==$0" CHECK 
("FECHA" IS NOT NULL)
ENABLE
ALTER TABLE "BIN$3+6qjmUDROuo3ItQ+T013A==$0"
ADD CONSTRAINT "BIN$H5Rl/YHgSny+7QnPXybI4g==$0" CHECK 
("ID_MEDICAMENTO" IS NOT NULL)
ENABLE
ALTER TABLE "BIN$3+6qjmUDROuo3ItQ+T013A==$0"
ADD CONSTRAINT "BIN$MgnAOOFhS4mqTdfZISO2oA==$0" CHECK 
("CANTIDAD" IS NOT NULL)
ENABLE
ALTER TABLE "BIN$3+6qjmUDROuo3ItQ+T013A==$0"
ADD CONSTRAINT "BIN$P7lMVjKCQaCsbfS5qpyeVA==$0" CHECK 
("ID_TERNERA" IS NOT NULL)
ENABLE
-- No se ha podido presentar el DDL TABLE para el objeto TAMBO.BIN$4ELG4ztySRqj9h50Gr6m5A==$0 mientras que DBMS_METADATA intenta utilizar el generador interno.
CREATE TABLE "BIN$4ELG4ztySRqj9h50Gr6m5A==$0" 
(
  ID_USUARIO NUMBER(*, 0) NOT NULL 
, USUARIO VARCHAR2(100 BYTE) NOT NULL 
, NOMBRE VARCHAR2(50 BYTE) NOT NULL 
, APELLIDO VARCHAR2(50 BYTE) NOT NULL 
, PERFIL VARCHAR2(50 BYTE) NOT NULL 
, CONTRASENIA VARCHAR2(16 BYTE) NOT NULL 
, CONSTRAINT "BIN$4V9v1/YTScOkfwfuzG8/jg==$0" PRIMARY KEY 
  (
    ID_USUARIO 
  )
  ENABLE 
)
-- No se ha podido presentar el DDL TABLE para el objeto TAMBO.BIN$4H/juDJpTveDFuDxClKffw==$0 mientras que DBMS_METADATA intenta utilizar el generador interno.
CREATE TABLE "BIN$4H/juDJpTveDFuDxClKffw==$0" 
(
  ID_MADRE NUMBER(4, 0) NOT NULL 
, NRO_CARAVANA NUMBER(10, 0) NOT NULL 
, CONSTRAINT "BIN$Rz8dlnPZQ/aGvKISVw3RoA==$0" PRIMARY KEY 
  (
    ID_MADRE 
  )
  ENABLE 
)ALTER TABLE "BIN$4H/juDJpTveDFuDxClKffw==$0"
ADD CONSTRAINT "BIN$hEqTQmVhQ6yywRkMB/0IeQ==$0" UNIQUE 
(
  NRO_CARAVANA 
)
ENABLE
-- No se ha podido presentar el DDL TABLE para el objeto TAMBO.BIN$45UWGRqKRbSamYvRYdIUZw==$0 mientras que DBMS_METADATA intenta utilizar el generador interno.
CREATE TABLE "BIN$45UWGRqKRbSamYvRYdIUZw==$0" 
(
  ID_MEDICAMENTO NUMBER(*, 0) NOT NULL 
, NOMBRE VARCHAR2(100 BYTE) NOT NULL 
, DOSIS VARCHAR2(100 BYTE) NOT NULL 
, COSTO VARCHAR2(100 BYTE) NOT NULL 
, FECHA_DESDE DATE 
, FECHA_HASTA DATE 
, CONSTRAINT "BIN$AT8d4QBGR+2uozCG3WYLBQ==$0" PRIMARY KEY 
  (
    ID_MEDICAMENTO 
  )
  ENABLE 
)
-- No se ha podido presentar el DDL TABLE para el objeto TAMBO.BIN$/6IVv71rT3Sniay1Y2X+Hw==$0 mientras que DBMS_METADATA intenta utilizar el generador interno.
CREATE TABLE "BIN$/6IVv71rT3Sniay1Y2X+Hw==$0" 
(
  ID_USUARIO NUMBER(*, 0) NOT NULL 
, USUARIO VARCHAR2(100 BYTE) NOT NULL 
, NOMBRE VARCHAR2(50 BYTE) NOT NULL 
, APELLIDO VARCHAR2(50 BYTE) NOT NULL 
, PERFIL VARCHAR2(50 BYTE) NOT NULL 
, CONTRASENIA VARCHAR2(16 BYTE) NOT NULL 
, CONSTRAINT "BIN$sJYOTkBVT+SvoVxfbbxsOQ==$0" PRIMARY KEY 
  (
    ID_USUARIO 
  )
  ENABLE 
)
-- No se ha podido presentar el DDL TABLE para el objeto TAMBO.BIN$67CoqQfORl+X91Qud3rgEQ==$0 mientras que DBMS_METADATA intenta utilizar el generador interno.
CREATE TABLE "BIN$67CoqQfORl+X91Qud3rgEQ==$0" 
(
  ID_UNIDAD NUMBER(*, 0) NOT NULL 
, UNIDAD VARCHAR2(25 BYTE) NOT NULL 
, CONSTRAINT "BIN$ADk09H1mQ8qqmziKnOL1/g==$0" PRIMARY KEY 
  (
    ID_UNIDAD 
  )
  ENABLE 
)ALTER TABLE "BIN$67CoqQfORl+X91Qud3rgEQ==$0"
ADD CONSTRAINT "BIN$iMEC4ImiQHCVDMVxVJefgw==$0" UNIQUE 
(
  UNIDAD 
)
ENABLE
-- No se ha podido presentar el DDL TABLE para el objeto TAMBO.BIN$8NEeqrCjQnO317q9ewtPrw==$0 mientras que DBMS_METADATA intenta utilizar el generador interno.
CREATE TABLE "BIN$8NEeqrCjQnO317q9ewtPrw==$0" 
(
  ID_TERNERA NUMBER(4, 0) NOT NULL 
, NRO_CARAVANA NUMBER(10, 0) NOT NULL 
, ID_MADRE NUMBER(*, 0) NOT NULL 
, ID_PADRE NUMBER(*, 0) NOT NULL 
, ID_GUACHERA NUMBER(*, 0) NOT NULL 
, FECHA_NACIMIENTO DATE NOT NULL 
, PESO_NACIMIENTO NUMBER(4, 2) NOT NULL 
, RAZA VARCHAR2(12 BYTE) NOT NULL 
, PARTO VARCHAR2(12 BYTE) NOT NULL 
, FECHA_MUERTE DATE 
, CAUSA_MUERTE VARCHAR2(500 BYTE) 
, FECHA_BAJA DATE 
, CAUSA_BAJA VARCHAR2(500 BYTE) 
, CONSTRAINT "BIN$Z9bAv9xaR5qgQbkvja+UTQ==$0" PRIMARY KEY 
  (
    ID_TERNERA 
  )
  ENABLE 
)ALTER TABLE "BIN$8NEeqrCjQnO317q9ewtPrw==$0"
ADD CONSTRAINT "BIN$j5IttWqkRwuOI9p7RK0Q7g==$0" UNIQUE 
(
  NRO_CARAVANA 
)
ENABLE
--------------------------------------------------------
--  DDL for Table CONSUMO_ALIMENTO_TERNERAS
--------------------------------------------------------

  CREATE TABLE "TAMBO"."CONSUMO_ALIMENTO_TERNERAS" 
   (	"ID_TERNERA" NUMBER(*,0), 
	"ID_ALIMENTO" NUMBER(*,0), 
	"FECHA" DATE, 
	"CANTIDAD" NUMBER(5,2)
   ) PCTFREE 10 PCTUSED 40 INITRANS 1 MAXTRANS 255 NOCOMPRESS LOGGING
  STORAGE(INITIAL 65536 NEXT 1048576 MINEXTENTS 1 MAXEXTENTS 2147483645
  PCTINCREASE 0 FREELISTS 1 FREELIST GROUPS 1 BUFFER_POOL DEFAULT)
  TABLESPACE "USERS" ;
--------------------------------------------------------
--  DDL for Table CONSUMO_MEDICAMENTO_TERNERA
--------------------------------------------------------

  CREATE TABLE "TAMBO"."CONSUMO_MEDICAMENTO_TERNERA" 
   (	"ID_TERNERA" NUMBER(*,0), 
	"ID_MEDICAMENTO" NUMBER(*,0), 
	"FECHA" DATE, 
	"CANTIDAD" NUMBER(2,2)
   ) PCTFREE 10 PCTUSED 40 INITRANS 1 MAXTRANS 255 NOCOMPRESS LOGGING
  STORAGE(INITIAL 65536 NEXT 1048576 MINEXTENTS 1 MAXEXTENTS 2147483645
  PCTINCREASE 0 FREELISTS 1 FREELIST GROUPS 1 BUFFER_POOL DEFAULT)
  TABLESPACE "USERS" ;
--------------------------------------------------------
--  DDL for Table ENFERMEDADES
--------------------------------------------------------

  CREATE TABLE "TAMBO"."ENFERMEDADES" 
   (	"ID_ENFERMEDAD" NUMBER(*,0), 
	"NOMBRE" VARCHAR2(100 BYTE), 
	"GRADO_GRAVEDAD" NUMBER(2,0)
   ) PCTFREE 10 PCTUSED 40 INITRANS 1 MAXTRANS 255 NOCOMPRESS LOGGING
  STORAGE(INITIAL 65536 NEXT 1048576 MINEXTENTS 1 MAXEXTENTS 2147483645
  PCTINCREASE 0 FREELISTS 1 FREELIST GROUPS 1 BUFFER_POOL DEFAULT)
  TABLESPACE "USERS" ;
--------------------------------------------------------
--  DDL for Table ENFERMEDAD_TERNERA
--------------------------------------------------------

  CREATE TABLE "TAMBO"."ENFERMEDAD_TERNERA" 
   (	"ID_TERNERA" NUMBER(*,0), 
	"ID_ENFERMEDAD" NUMBER(*,0), 
	"FECHA_DESDE" DATE, 
	"FECHA_HASTA" DATE, 
	"OBSERVACION" VARCHAR2(250 BYTE)
   ) PCTFREE 10 PCTUSED 40 INITRANS 1 MAXTRANS 255 NOCOMPRESS LOGGING
  STORAGE(INITIAL 65536 NEXT 1048576 MINEXTENTS 1 MAXEXTENTS 2147483645
  PCTINCREASE 0 FREELISTS 1 FREELIST GROUPS 1 BUFFER_POOL DEFAULT)
  TABLESPACE "USERS" ;
--------------------------------------------------------
--  DDL for Table GUACHERAS
--------------------------------------------------------

  CREATE TABLE "TAMBO"."GUACHERAS" 
   (	"ID_GUACHERA" NUMBER(*,0), 
	"PK_GUACHERA" VARCHAR2(12 BYTE), 
	"ID_USUARIO" NUMBER(*,0), 
	"NOMBRE" VARCHAR2(70 BYTE)
   ) PCTFREE 10 PCTUSED 40 INITRANS 1 MAXTRANS 255 NOCOMPRESS LOGGING
  STORAGE(INITIAL 65536 NEXT 1048576 MINEXTENTS 1 MAXEXTENTS 2147483645
  PCTINCREASE 0 FREELISTS 1 FREELIST GROUPS 1 BUFFER_POOL DEFAULT)
  TABLESPACE "USERS" ;
--------------------------------------------------------
--  DDL for Table MADRES
--------------------------------------------------------

  CREATE TABLE "TAMBO"."MADRES" 
   (	"ID_MADRE" NUMBER(4,0), 
	"NRO_CARAVANA" NUMBER(10,0)
   ) PCTFREE 10 PCTUSED 40 INITRANS 1 MAXTRANS 255 NOCOMPRESS LOGGING
  STORAGE(INITIAL 65536 NEXT 1048576 MINEXTENTS 1 MAXEXTENTS 2147483645
  PCTINCREASE 0 FREELISTS 1 FREELIST GROUPS 1 BUFFER_POOL DEFAULT)
  TABLESPACE "USERS" ;
--------------------------------------------------------
--  DDL for Table MEDICAMENTOS
--------------------------------------------------------

  CREATE TABLE "TAMBO"."MEDICAMENTOS" 
   (	"ID_MEDICAMENTO" NUMBER(*,0), 
	"NOMBRE" VARCHAR2(100 BYTE), 
	"DOSIS" VARCHAR2(100 BYTE), 
	"COSTO" VARCHAR2(100 BYTE), 
	"FECHA_DESDE" DATE, 
	"FECHA_HASTA" DATE
   ) PCTFREE 10 PCTUSED 40 INITRANS 1 MAXTRANS 255 NOCOMPRESS LOGGING
  STORAGE(INITIAL 65536 NEXT 1048576 MINEXTENTS 1 MAXEXTENTS 2147483645
  PCTINCREASE 0 FREELISTS 1 FREELIST GROUPS 1 BUFFER_POOL DEFAULT)
  TABLESPACE "USERS" ;
--------------------------------------------------------
--  DDL for Table PADRES
--------------------------------------------------------

  CREATE TABLE "TAMBO"."PADRES" 
   (	"ID_PADRE" NUMBER(4,0), 
	"NRO_CARAVANA" NUMBER(10,0)
   ) PCTFREE 10 PCTUSED 40 INITRANS 1 MAXTRANS 255 NOCOMPRESS LOGGING
  STORAGE(INITIAL 65536 NEXT 1048576 MINEXTENTS 1 MAXEXTENTS 2147483645
  PCTINCREASE 0 FREELISTS 1 FREELIST GROUPS 1 BUFFER_POOL DEFAULT)
  TABLESPACE "USERS" ;
--------------------------------------------------------
--  DDL for Table PESOS
--------------------------------------------------------

  CREATE TABLE "TAMBO"."PESOS" 
   (	"ID_PESO" NUMBER(*,0), 
	"ID_TERNERA" NUMBER(*,0), 
	"TIPO_REGISTRO" VARCHAR2(50 BYTE), 
	"FECHA" DATE, 
	"PESO" NUMBER(4,2)
   ) PCTFREE 10 PCTUSED 40 INITRANS 1 MAXTRANS 255 NOCOMPRESS LOGGING
  STORAGE(INITIAL 65536 NEXT 1048576 MINEXTENTS 1 MAXEXTENTS 2147483645
  PCTINCREASE 0 FREELISTS 1 FREELIST GROUPS 1 BUFFER_POOL DEFAULT)
  TABLESPACE "USERS" ;
--------------------------------------------------------
--  DDL for Table TERNERAS
--------------------------------------------------------

  CREATE TABLE "TAMBO"."TERNERAS" 
   (	"ID_TERNERA" NUMBER(4,0), 
	"NRO_CARAVANA" NUMBER(10,0), 
	"ID_MADRE" NUMBER(*,0), 
	"ID_PADRE" NUMBER(*,0), 
	"ID_GUACHERA" NUMBER(*,0), 
	"FECHA_NACIMIENTO" DATE, 
	"PESO_NACIMIENTO" NUMBER(4,2), 
	"RAZA" VARCHAR2(12 BYTE), 
	"PARTO" VARCHAR2(12 BYTE), 
	"FECHA_MUERTE" DATE, 
	"CAUSA_MUERTE" VARCHAR2(500 BYTE), 
	"FECHA_BAJA" DATE, 
	"CAUSA_BAJA" VARCHAR2(500 BYTE)
   ) PCTFREE 10 PCTUSED 40 INITRANS 1 MAXTRANS 255 NOCOMPRESS LOGGING
  STORAGE(INITIAL 65536 NEXT 1048576 MINEXTENTS 1 MAXEXTENTS 2147483645
  PCTINCREASE 0 FREELISTS 1 FREELIST GROUPS 1 BUFFER_POOL DEFAULT)
  TABLESPACE "USERS" ;
--------------------------------------------------------
--  DDL for Table UNIDADES
--------------------------------------------------------

  CREATE TABLE "TAMBO"."UNIDADES" 
   (	"ID_UNIDAD" NUMBER(*,0), 
	"UNIDAD" VARCHAR2(25 BYTE)
   ) PCTFREE 10 PCTUSED 40 INITRANS 1 MAXTRANS 255 NOCOMPRESS LOGGING
  STORAGE(INITIAL 65536 NEXT 1048576 MINEXTENTS 1 MAXEXTENTS 2147483645
  PCTINCREASE 0 FREELISTS 1 FREELIST GROUPS 1 BUFFER_POOL DEFAULT)
  TABLESPACE "USERS" ;
--------------------------------------------------------
--  DDL for Table USUARIOS
--------------------------------------------------------

  CREATE TABLE "TAMBO"."USUARIOS" 
   (	"ID_USUARIO" NUMBER(*,0), 
	"USUARIO" VARCHAR2(100 BYTE), 
	"NOMBRE" VARCHAR2(50 BYTE), 
	"APELLIDO" VARCHAR2(50 BYTE), 
	"PERFIL" VARCHAR2(50 BYTE), 
	"CONTRASENIA" VARCHAR2(16 BYTE)
   ) PCTFREE 10 PCTUSED 40 INITRANS 1 MAXTRANS 255 NOCOMPRESS LOGGING
  STORAGE(INITIAL 65536 NEXT 1048576 MINEXTENTS 1 MAXEXTENTS 2147483645
  PCTINCREASE 0 FREELISTS 1 FREELIST GROUPS 1 BUFFER_POOL DEFAULT)
  TABLESPACE "USERS" ;
REM INSERTING into TAMBO.ALIMENTOS
SET DEFINE OFF;
REM INSERTING into TAMBO."BIN$aJm0ftxHSO+IaFQehpoVWw==$0"
SET DEFINE OFF;
REM INSERTING into TAMBO."BIN$aqGJtXGFQ/iQEiORWfIy4Q==$0"
SET DEFINE OFF;
REM INSERTING into TAMBO."BIN$BEzNQB1ASJ6RTSH3hsulzw==$0"
SET DEFINE OFF;
Insert into TAMBO."BIN$BEzNQB1ASJ6RTSH3hsulzw==$0" (ID_MADRE,NRO_CARAVANA) values ('1','1000000000');
Insert into TAMBO."BIN$BEzNQB1ASJ6RTSH3hsulzw==$0" (ID_MADRE,NRO_CARAVANA) values ('2','1000000001');
Insert into TAMBO."BIN$BEzNQB1ASJ6RTSH3hsulzw==$0" (ID_MADRE,NRO_CARAVANA) values ('3','1000000002');
Insert into TAMBO."BIN$BEzNQB1ASJ6RTSH3hsulzw==$0" (ID_MADRE,NRO_CARAVANA) values ('4','1000000003');
Insert into TAMBO."BIN$BEzNQB1ASJ6RTSH3hsulzw==$0" (ID_MADRE,NRO_CARAVANA) values ('5','1000000004');
REM INSERTING into TAMBO."BIN$BFbBKl6yQ06w8sVRvWSWAA==$0"
SET DEFINE OFF;
Insert into TAMBO."BIN$BFbBKl6yQ06w8sVRvWSWAA==$0" (ID_MADRE,NRO_CARAVANA) values ('1','1000000000');
Insert into TAMBO."BIN$BFbBKl6yQ06w8sVRvWSWAA==$0" (ID_MADRE,NRO_CARAVANA) values ('2','1000000001');
Insert into TAMBO."BIN$BFbBKl6yQ06w8sVRvWSWAA==$0" (ID_MADRE,NRO_CARAVANA) values ('3','1000000002');
Insert into TAMBO."BIN$BFbBKl6yQ06w8sVRvWSWAA==$0" (ID_MADRE,NRO_CARAVANA) values ('4','1000000003');
Insert into TAMBO."BIN$BFbBKl6yQ06w8sVRvWSWAA==$0" (ID_MADRE,NRO_CARAVANA) values ('5','1000000004');
REM INSERTING into TAMBO."BIN$BFyaH/jJTbiKRO7A9DvNCw==$0"
SET DEFINE OFF;
REM INSERTING into TAMBO."BIN$cSULJ2BzTkKbh4FNzxzB4Q==$0"
SET DEFINE OFF;
Insert into TAMBO."BIN$cSULJ2BzTkKbh4FNzxzB4Q==$0" (ID_TERNERA,ID_ENFERMEDAD,FECHA_DESDE,FECHA_HASTA,OBSERVACION) values ('1','3',to_date('02/11/17','DD/MM/RR'),to_date('03/11/17','DD/MM/RR'),'se la trato con suero');
Insert into TAMBO."BIN$cSULJ2BzTkKbh4FNzxzB4Q==$0" (ID_TERNERA,ID_ENFERMEDAD,FECHA_DESDE,FECHA_HASTA,OBSERVACION) values ('5','4',to_date('02/11/17','DD/MM/RR'),null,null);
REM INSERTING into TAMBO."BIN$/cXS2j7mQn6gnLI/lfuoVA==$0"
SET DEFINE OFF;
Insert into TAMBO."BIN$/cXS2j7mQn6gnLI/lfuoVA==$0" (ID_PADRE,NRO_CARAVANA) values ('1','1000000000');
Insert into TAMBO."BIN$/cXS2j7mQn6gnLI/lfuoVA==$0" (ID_PADRE,NRO_CARAVANA) values ('2','1000000001');
Insert into TAMBO."BIN$/cXS2j7mQn6gnLI/lfuoVA==$0" (ID_PADRE,NRO_CARAVANA) values ('3','1000000002');
Insert into TAMBO."BIN$/cXS2j7mQn6gnLI/lfuoVA==$0" (ID_PADRE,NRO_CARAVANA) values ('4','1000000003');
Insert into TAMBO."BIN$/cXS2j7mQn6gnLI/lfuoVA==$0" (ID_PADRE,NRO_CARAVANA) values ('5','1000000004');
REM INSERTING into TAMBO."BIN$dEXvhPwuS1iaDJ41BRd8IA==$0"
SET DEFINE OFF;
REM INSERTING into TAMBO."BIN$DHGNH7WFSeO/AKMzarXUwQ==$0"
SET DEFINE OFF;
REM INSERTING into TAMBO."BIN$DMfmIT2SS1yDL2sIkeWW4A==$0"
SET DEFINE OFF;
REM INSERTING into TAMBO."BIN$Dr2ahgOPSHCt5zGcQa0ADg==$0"
SET DEFINE OFF;
REM INSERTING into TAMBO."BIN$DTxWmN77QByixBHhYD2jZQ==$0"
SET DEFINE OFF;
Insert into TAMBO."BIN$DTxWmN77QByixBHhYD2jZQ==$0" (ID_GUACHERA,PK_GUACHERA,ID_USUARIO,NOMBRE) values ('1','GUACHERA001','1','Gauchera 1');
Insert into TAMBO."BIN$DTxWmN77QByixBHhYD2jZQ==$0" (ID_GUACHERA,PK_GUACHERA,ID_USUARIO,NOMBRE) values ('2','GUACHERA002','2','Gauchera 2');
Insert into TAMBO."BIN$DTxWmN77QByixBHhYD2jZQ==$0" (ID_GUACHERA,PK_GUACHERA,ID_USUARIO,NOMBRE) values ('3','GUACHERA003','2','Gauchera 3');
Insert into TAMBO."BIN$DTxWmN77QByixBHhYD2jZQ==$0" (ID_GUACHERA,PK_GUACHERA,ID_USUARIO,NOMBRE) values ('4','GUACHERA004','1','Gauchera 4');
Insert into TAMBO."BIN$DTxWmN77QByixBHhYD2jZQ==$0" (ID_GUACHERA,PK_GUACHERA,ID_USUARIO,NOMBRE) values ('5','GUACHERA005','3','Gauchera 5');
REM INSERTING into TAMBO."BIN$dWz0djJMT8qxYjXLVymgnA==$0"
SET DEFINE OFF;
REM INSERTING into TAMBO."BIN$e/ATGLmwR66UtZ7e7BYjbw==$0"
SET DEFINE OFF;
Insert into TAMBO."BIN$e/ATGLmwR66UtZ7e7BYjbw==$0" (ID_GUACHERA,PK_GUACHERA,ID_USUARIO,NOMBRE) values ('1','GUACHERA001','1','Gauchera 1');
Insert into TAMBO."BIN$e/ATGLmwR66UtZ7e7BYjbw==$0" (ID_GUACHERA,PK_GUACHERA,ID_USUARIO,NOMBRE) values ('2','GUACHERA002','2','Gauchera 2');
Insert into TAMBO."BIN$e/ATGLmwR66UtZ7e7BYjbw==$0" (ID_GUACHERA,PK_GUACHERA,ID_USUARIO,NOMBRE) values ('3','GUACHERA003','2','Gauchera 3');
Insert into TAMBO."BIN$e/ATGLmwR66UtZ7e7BYjbw==$0" (ID_GUACHERA,PK_GUACHERA,ID_USUARIO,NOMBRE) values ('4','GUACHERA004','1','Gauchera 4');
Insert into TAMBO."BIN$e/ATGLmwR66UtZ7e7BYjbw==$0" (ID_GUACHERA,PK_GUACHERA,ID_USUARIO,NOMBRE) values ('5','GUACHERA005','3','Gauchera 5');
REM INSERTING into TAMBO."BIN$EeFxkmBfShWb+xjlsIU3kg==$0"
SET DEFINE OFF;
Insert into TAMBO."BIN$EeFxkmBfShWb+xjlsIU3kg==$0" (ID_USUARIO,USUARIO,NOMBRE,APELLIDO,PERFIL,CONTRASENIA) values ('1','sebastian.mena','Sebastian','Mena','Personal','mena1234');
Insert into TAMBO."BIN$EeFxkmBfShWb+xjlsIU3kg==$0" (ID_USUARIO,USUARIO,NOMBRE,APELLIDO,PERFIL,CONTRASENIA) values ('2','carlos.garcia','Carlos','Garcia','Encargado','garcia12');
Insert into TAMBO."BIN$EeFxkmBfShWb+xjlsIU3kg==$0" (ID_USUARIO,USUARIO,NOMBRE,APELLIDO,PERFIL,CONTRASENIA) values ('3','emiliano.silva','Emiliano','Silva','Personal','silva123');
REM INSERTING into TAMBO."BIN$efnmaRMeTYGnLUQM+HhbsA==$0"
SET DEFINE OFF;
Insert into TAMBO."BIN$efnmaRMeTYGnLUQM+HhbsA==$0" (ID_TERNERA,ID_ENFERMEDAD,FECHA_DESDE,FECHA_HASTA,OBSERVACION) values ('1','3',to_date('02/11/17','DD/MM/RR'),to_date('03/11/17','DD/MM/RR'),'se la trato con suero');
Insert into TAMBO."BIN$efnmaRMeTYGnLUQM+HhbsA==$0" (ID_TERNERA,ID_ENFERMEDAD,FECHA_DESDE,FECHA_HASTA,OBSERVACION) values ('5','4',to_date('02/11/17','DD/MM/RR'),null,null);
REM INSERTING into TAMBO."BIN$E8jQrc9GROazQOPkSV8tlw==$0"
SET DEFINE OFF;
REM INSERTING into TAMBO."BIN$fKbDRK67TCWaPzrG/GqMWA==$0"
SET DEFINE OFF;
Insert into TAMBO."BIN$fKbDRK67TCWaPzrG/GqMWA==$0" (ID_PADRE,NRO_CARAVANA) values ('1','1000000000');
Insert into TAMBO."BIN$fKbDRK67TCWaPzrG/GqMWA==$0" (ID_PADRE,NRO_CARAVANA) values ('2','1000000001');
Insert into TAMBO."BIN$fKbDRK67TCWaPzrG/GqMWA==$0" (ID_PADRE,NRO_CARAVANA) values ('3','1000000002');
Insert into TAMBO."BIN$fKbDRK67TCWaPzrG/GqMWA==$0" (ID_PADRE,NRO_CARAVANA) values ('4','1000000003');
Insert into TAMBO."BIN$fKbDRK67TCWaPzrG/GqMWA==$0" (ID_PADRE,NRO_CARAVANA) values ('5','1000000004');
REM INSERTING into TAMBO."BIN$FsUO6lLERQWptrV3cdfW0g==$0"
SET DEFINE OFF;
REM INSERTING into TAMBO."BIN$fZ5oFNHHTqOBcQSkVxdITw==$0"
SET DEFINE OFF;
Insert into TAMBO."BIN$fZ5oFNHHTqOBcQSkVxdITw==$0" (ID_USUARIO,USUARIO,NOMBRE,APELLIDO,PERFIL,CONTRASENIA) values ('1','sebastian.mena','Sebastian','Mena','Personal','mena1234');
Insert into TAMBO."BIN$fZ5oFNHHTqOBcQSkVxdITw==$0" (ID_USUARIO,USUARIO,NOMBRE,APELLIDO,PERFIL,CONTRASENIA) values ('2','carlos.garcia','Carlos','Garcia','Encargado','garcia12');
Insert into TAMBO."BIN$fZ5oFNHHTqOBcQSkVxdITw==$0" (ID_USUARIO,USUARIO,NOMBRE,APELLIDO,PERFIL,CONTRASENIA) values ('3','emiliano.silva','Emiliano','Silva','Personal','silva123');
REM INSERTING into TAMBO."BIN$f7pcTsALS5uKrvBjuNuuHA==$0"
SET DEFINE OFF;
Insert into TAMBO."BIN$f7pcTsALS5uKrvBjuNuuHA==$0" (ID_GUACHERA,PK_GUACHERA,ID_USUARIO,NOMBRE) values ('1','GUACHERA001','1','Gauchera 1');
Insert into TAMBO."BIN$f7pcTsALS5uKrvBjuNuuHA==$0" (ID_GUACHERA,PK_GUACHERA,ID_USUARIO,NOMBRE) values ('2','GUACHERA002','2','Gauchera 2');
Insert into TAMBO."BIN$f7pcTsALS5uKrvBjuNuuHA==$0" (ID_GUACHERA,PK_GUACHERA,ID_USUARIO,NOMBRE) values ('3','GUACHERA003','2','Gauchera 3');
Insert into TAMBO."BIN$f7pcTsALS5uKrvBjuNuuHA==$0" (ID_GUACHERA,PK_GUACHERA,ID_USUARIO,NOMBRE) values ('4','GUACHERA004','1','Gauchera 4');
Insert into TAMBO."BIN$f7pcTsALS5uKrvBjuNuuHA==$0" (ID_GUACHERA,PK_GUACHERA,ID_USUARIO,NOMBRE) values ('5','GUACHERA005','3','Gauchera 5');
REM INSERTING into TAMBO."BIN$gqVX1VKcQG+t14GuyHPQBA==$0"
SET DEFINE OFF;
Insert into TAMBO."BIN$gqVX1VKcQG+t14GuyHPQBA==$0" (ID_MADRE,NRO_CARAVANA) values ('1','1000000000');
Insert into TAMBO."BIN$gqVX1VKcQG+t14GuyHPQBA==$0" (ID_MADRE,NRO_CARAVANA) values ('2','1000000001');
Insert into TAMBO."BIN$gqVX1VKcQG+t14GuyHPQBA==$0" (ID_MADRE,NRO_CARAVANA) values ('3','1000000002');
Insert into TAMBO."BIN$gqVX1VKcQG+t14GuyHPQBA==$0" (ID_MADRE,NRO_CARAVANA) values ('4','1000000003');
Insert into TAMBO."BIN$gqVX1VKcQG+t14GuyHPQBA==$0" (ID_MADRE,NRO_CARAVANA) values ('5','1000000004');
REM INSERTING into TAMBO."BIN$GwCYaem9SeimwcupxkDRCg==$0"
SET DEFINE OFF;
Insert into TAMBO."BIN$GwCYaem9SeimwcupxkDRCg==$0" (ID_PADRE,NRO_CARAVANA) values ('1','1000000000');
Insert into TAMBO."BIN$GwCYaem9SeimwcupxkDRCg==$0" (ID_PADRE,NRO_CARAVANA) values ('2','1000000001');
Insert into TAMBO."BIN$GwCYaem9SeimwcupxkDRCg==$0" (ID_PADRE,NRO_CARAVANA) values ('3','1000000002');
Insert into TAMBO."BIN$GwCYaem9SeimwcupxkDRCg==$0" (ID_PADRE,NRO_CARAVANA) values ('4','1000000003');
Insert into TAMBO."BIN$GwCYaem9SeimwcupxkDRCg==$0" (ID_PADRE,NRO_CARAVANA) values ('5','1000000004');
REM INSERTING into TAMBO."BIN$HkoD+0beQb2j0ZKcZ/vcMQ==$0"
SET DEFINE OFF;
Insert into TAMBO."BIN$HkoD+0beQb2j0ZKcZ/vcMQ==$0" (ID_PADRE,NRO_CARAVANA) values ('1','1000000000');
Insert into TAMBO."BIN$HkoD+0beQb2j0ZKcZ/vcMQ==$0" (ID_PADRE,NRO_CARAVANA) values ('2','1000000001');
Insert into TAMBO."BIN$HkoD+0beQb2j0ZKcZ/vcMQ==$0" (ID_PADRE,NRO_CARAVANA) values ('3','1000000002');
Insert into TAMBO."BIN$HkoD+0beQb2j0ZKcZ/vcMQ==$0" (ID_PADRE,NRO_CARAVANA) values ('4','1000000003');
Insert into TAMBO."BIN$HkoD+0beQb2j0ZKcZ/vcMQ==$0" (ID_PADRE,NRO_CARAVANA) values ('5','1000000004');
REM INSERTING into TAMBO."BIN$hRFH+q2IT9KT7NZa6KRw2Q==$0"
SET DEFINE OFF;
Insert into TAMBO."BIN$hRFH+q2IT9KT7NZa6KRw2Q==$0" (ID_GUACHERA,PK_GUACHERA,ID_USUARIO,NOMBRE) values ('1','GUACHERA001','1','Gauchera 1');
Insert into TAMBO."BIN$hRFH+q2IT9KT7NZa6KRw2Q==$0" (ID_GUACHERA,PK_GUACHERA,ID_USUARIO,NOMBRE) values ('2','GUACHERA002','2','Gauchera 2');
Insert into TAMBO."BIN$hRFH+q2IT9KT7NZa6KRw2Q==$0" (ID_GUACHERA,PK_GUACHERA,ID_USUARIO,NOMBRE) values ('3','GUACHERA003','2','Gauchera 3');
Insert into TAMBO."BIN$hRFH+q2IT9KT7NZa6KRw2Q==$0" (ID_GUACHERA,PK_GUACHERA,ID_USUARIO,NOMBRE) values ('4','GUACHERA004','1','Gauchera 4');
Insert into TAMBO."BIN$hRFH+q2IT9KT7NZa6KRw2Q==$0" (ID_GUACHERA,PK_GUACHERA,ID_USUARIO,NOMBRE) values ('5','GUACHERA005','3','Gauchera 5');
REM INSERTING into TAMBO."BIN$/JiAMIkARL2+QPnf+TrC6w==$0"
SET DEFINE OFF;
Insert into TAMBO."BIN$/JiAMIkARL2+QPnf+TrC6w==$0" (ID_TERNERA,NRO_CARAVANA,ID_MADRE,ID_PADRE,ID_GUACHERA,FECHA_NACIMIENTO,PESO_NACIMIENTO,RAZA,PARTO,FECHA_MUERTE,CAUSA_MUERTE,FECHA_BAJA,CAUSA_BAJA) values ('1','1000000001','1','1','1',to_date('10/07/01','DD/MM/RR'),'1','Holando','Normal',null,null,null,null);
Insert into TAMBO."BIN$/JiAMIkARL2+QPnf+TrC6w==$0" (ID_TERNERA,NRO_CARAVANA,ID_MADRE,ID_PADRE,ID_GUACHERA,FECHA_NACIMIENTO,PESO_NACIMIENTO,RAZA,PARTO,FECHA_MUERTE,CAUSA_MUERTE,FECHA_BAJA,CAUSA_BAJA) values ('2','2000000002','2','3','2',to_date('10/09/17','DD/MM/RR'),'1','Jersey','Normal',null,null,null,null);
Insert into TAMBO."BIN$/JiAMIkARL2+QPnf+TrC6w==$0" (ID_TERNERA,NRO_CARAVANA,ID_MADRE,ID_PADRE,ID_GUACHERA,FECHA_NACIMIENTO,PESO_NACIMIENTO,RAZA,PARTO,FECHA_MUERTE,CAUSA_MUERTE,FECHA_BAJA,CAUSA_BAJA) values ('3','2000000003','4','1','3',to_date('08/05/17','DD/MM/RR'),'1','Cruza','Distocico',null,null,null,null);
Insert into TAMBO."BIN$/JiAMIkARL2+QPnf+TrC6w==$0" (ID_TERNERA,NRO_CARAVANA,ID_MADRE,ID_PADRE,ID_GUACHERA,FECHA_NACIMIENTO,PESO_NACIMIENTO,RAZA,PARTO,FECHA_MUERTE,CAUSA_MUERTE,FECHA_BAJA,CAUSA_BAJA) values ('4','2000000004','3','2','2',to_date('10/01/17','DD/MM/RR'),'1','Holando','Normal',null,null,null,null);
Insert into TAMBO."BIN$/JiAMIkARL2+QPnf+TrC6w==$0" (ID_TERNERA,NRO_CARAVANA,ID_MADRE,ID_PADRE,ID_GUACHERA,FECHA_NACIMIENTO,PESO_NACIMIENTO,RAZA,PARTO,FECHA_MUERTE,CAUSA_MUERTE,FECHA_BAJA,CAUSA_BAJA) values ('5','2000000006','2','1','3',to_date('11/02/17','DD/MM/RR'),'1','Holando','Normal',null,null,null,null);
Insert into TAMBO."BIN$/JiAMIkARL2+QPnf+TrC6w==$0" (ID_TERNERA,NRO_CARAVANA,ID_MADRE,ID_PADRE,ID_GUACHERA,FECHA_NACIMIENTO,PESO_NACIMIENTO,RAZA,PARTO,FECHA_MUERTE,CAUSA_MUERTE,FECHA_BAJA,CAUSA_BAJA) values ('6','2000000005','4','3','3',to_date('10/02/17','DD/MM/RR'),'1','Jersey','Distocico',null,null,null,null);
REM INSERTING into TAMBO."BIN$LizjFfk3RJy931njBlq3HQ==$0"
SET DEFINE OFF;
REM INSERTING into TAMBO."BIN$MAhZkU7uQKe1pDJEsStLyw==$0"
SET DEFINE OFF;
REM INSERTING into TAMBO."BIN$MJ5osXeJQ2ODfnqCDLcbSg==$0"
SET DEFINE OFF;
REM INSERTING into TAMBO."BIN$nBOsQuDiRbSd/sE4PatdZw==$0"
SET DEFINE OFF;
REM INSERTING into TAMBO."BIN$ngQj2ol9RoC/SR7OvHj8hg==$0"
SET DEFINE OFF;
Insert into TAMBO."BIN$ngQj2ol9RoC/SR7OvHj8hg==$0" (ID_TERNERA,ID_ENFERMEDAD,FECHA_DESDE,FECHA_HASTA,OBSERVACION) values ('1','3',to_date('02/11/17','DD/MM/RR'),to_date('03/11/17','DD/MM/RR'),'se la trato con suero');
Insert into TAMBO."BIN$ngQj2ol9RoC/SR7OvHj8hg==$0" (ID_TERNERA,ID_ENFERMEDAD,FECHA_DESDE,FECHA_HASTA,OBSERVACION) values ('5','4',to_date('02/11/17','DD/MM/RR'),null,null);
REM INSERTING into TAMBO."BIN$Nr21LxIkQYStE7LNq/sirg==$0"
SET DEFINE OFF;
REM INSERTING into TAMBO."BIN$NzfEi1esSy+6zzZopNEnUw==$0"
SET DEFINE OFF;
Insert into TAMBO."BIN$NzfEi1esSy+6zzZopNEnUw==$0" (ID_TERNERA,ID_ENFERMEDAD,FECHA_DESDE,FECHA_HASTA,OBSERVACION) values ('1','3',to_date('02/11/17','DD/MM/RR'),to_date('03/11/17','DD/MM/RR'),'se la trato con suero');
Insert into TAMBO."BIN$NzfEi1esSy+6zzZopNEnUw==$0" (ID_TERNERA,ID_ENFERMEDAD,FECHA_DESDE,FECHA_HASTA,OBSERVACION) values ('5','4',to_date('02/11/17','DD/MM/RR'),null,null);
REM INSERTING into TAMBO."BIN$oGJcl/avSrWw+0D90s1Z1Q==$0"
SET DEFINE OFF;
Insert into TAMBO."BIN$oGJcl/avSrWw+0D90s1Z1Q==$0" (ID_TERNERA,ID_ENFERMEDAD,FECHA_DESDE,FECHA_HASTA,OBSERVACION) values ('1','3',to_date('02/11/17','DD/MM/RR'),to_date('03/11/17','DD/MM/RR'),'se la trato con suero');
Insert into TAMBO."BIN$oGJcl/avSrWw+0D90s1Z1Q==$0" (ID_TERNERA,ID_ENFERMEDAD,FECHA_DESDE,FECHA_HASTA,OBSERVACION) values ('5','4',to_date('02/11/17','DD/MM/RR'),null,null);
REM INSERTING into TAMBO."BIN$oI791w+vSU+jnWsscvTVvA==$0"
SET DEFINE OFF;
Insert into TAMBO."BIN$oI791w+vSU+jnWsscvTVvA==$0" (ID_TERNERA,NRO_CARAVANA,ID_MADRE,ID_PADRE,ID_GUACHERA,FECHA_NACIMIENTO,PESO_NACIMIENTO,RAZA,PARTO,FECHA_MUERTE,CAUSA_MUERTE,FECHA_BAJA,CAUSA_BAJA) values ('1','1000000001','1','1','1',to_date('10/07/01','DD/MM/RR'),'1','Holando','Normal',null,null,null,null);
Insert into TAMBO."BIN$oI791w+vSU+jnWsscvTVvA==$0" (ID_TERNERA,NRO_CARAVANA,ID_MADRE,ID_PADRE,ID_GUACHERA,FECHA_NACIMIENTO,PESO_NACIMIENTO,RAZA,PARTO,FECHA_MUERTE,CAUSA_MUERTE,FECHA_BAJA,CAUSA_BAJA) values ('2','2000000002','2','3','2',to_date('10/09/17','DD/MM/RR'),'1','Jersey','Normal',null,null,null,null);
Insert into TAMBO."BIN$oI791w+vSU+jnWsscvTVvA==$0" (ID_TERNERA,NRO_CARAVANA,ID_MADRE,ID_PADRE,ID_GUACHERA,FECHA_NACIMIENTO,PESO_NACIMIENTO,RAZA,PARTO,FECHA_MUERTE,CAUSA_MUERTE,FECHA_BAJA,CAUSA_BAJA) values ('3','2000000003','4','1','3',to_date('08/05/17','DD/MM/RR'),'1','Cruza','Distocico',null,null,null,null);
Insert into TAMBO."BIN$oI791w+vSU+jnWsscvTVvA==$0" (ID_TERNERA,NRO_CARAVANA,ID_MADRE,ID_PADRE,ID_GUACHERA,FECHA_NACIMIENTO,PESO_NACIMIENTO,RAZA,PARTO,FECHA_MUERTE,CAUSA_MUERTE,FECHA_BAJA,CAUSA_BAJA) values ('4','2000000004','3','2','2',to_date('10/01/17','DD/MM/RR'),'1','Holando','Normal',null,null,null,null);
Insert into TAMBO."BIN$oI791w+vSU+jnWsscvTVvA==$0" (ID_TERNERA,NRO_CARAVANA,ID_MADRE,ID_PADRE,ID_GUACHERA,FECHA_NACIMIENTO,PESO_NACIMIENTO,RAZA,PARTO,FECHA_MUERTE,CAUSA_MUERTE,FECHA_BAJA,CAUSA_BAJA) values ('5','2000000006','2','1','3',to_date('11/02/17','DD/MM/RR'),'1','Holando','Normal',null,null,null,null);
Insert into TAMBO."BIN$oI791w+vSU+jnWsscvTVvA==$0" (ID_TERNERA,NRO_CARAVANA,ID_MADRE,ID_PADRE,ID_GUACHERA,FECHA_NACIMIENTO,PESO_NACIMIENTO,RAZA,PARTO,FECHA_MUERTE,CAUSA_MUERTE,FECHA_BAJA,CAUSA_BAJA) values ('6','2000000005','4','3','3',to_date('10/02/17','DD/MM/RR'),'1','Jersey','Distocico',null,null,null,null);
REM INSERTING into TAMBO."BIN$OlbujYQoQ+uOeC7JVb8kew==$0"
SET DEFINE OFF;
Insert into TAMBO."BIN$OlbujYQoQ+uOeC7JVb8kew==$0" (ID_TERNERA,NRO_CARAVANA,ID_MADRE,ID_PADRE,ID_GUACHERA,FECHA_NACIMIENTO,PESO_NACIMIENTO,RAZA,PARTO,FECHA_MUERTE,CAUSA_MUERTE,FECHA_BAJA,CAUSA_BAJA) values ('1','1000000001','1','1','1',to_date('10/07/01','DD/MM/RR'),'1','Holando','Normal',null,null,null,null);
Insert into TAMBO."BIN$OlbujYQoQ+uOeC7JVb8kew==$0" (ID_TERNERA,NRO_CARAVANA,ID_MADRE,ID_PADRE,ID_GUACHERA,FECHA_NACIMIENTO,PESO_NACIMIENTO,RAZA,PARTO,FECHA_MUERTE,CAUSA_MUERTE,FECHA_BAJA,CAUSA_BAJA) values ('2','2000000002','2','3','2',to_date('10/09/17','DD/MM/RR'),'1','Jersey','Normal',null,null,null,null);
Insert into TAMBO."BIN$OlbujYQoQ+uOeC7JVb8kew==$0" (ID_TERNERA,NRO_CARAVANA,ID_MADRE,ID_PADRE,ID_GUACHERA,FECHA_NACIMIENTO,PESO_NACIMIENTO,RAZA,PARTO,FECHA_MUERTE,CAUSA_MUERTE,FECHA_BAJA,CAUSA_BAJA) values ('3','2000000003','4','1','3',to_date('08/05/17','DD/MM/RR'),'1','Cruza','Distocico',null,null,null,null);
Insert into TAMBO."BIN$OlbujYQoQ+uOeC7JVb8kew==$0" (ID_TERNERA,NRO_CARAVANA,ID_MADRE,ID_PADRE,ID_GUACHERA,FECHA_NACIMIENTO,PESO_NACIMIENTO,RAZA,PARTO,FECHA_MUERTE,CAUSA_MUERTE,FECHA_BAJA,CAUSA_BAJA) values ('4','2000000004','3','2','2',to_date('10/01/17','DD/MM/RR'),'1','Holando','Normal',null,null,null,null);
Insert into TAMBO."BIN$OlbujYQoQ+uOeC7JVb8kew==$0" (ID_TERNERA,NRO_CARAVANA,ID_MADRE,ID_PADRE,ID_GUACHERA,FECHA_NACIMIENTO,PESO_NACIMIENTO,RAZA,PARTO,FECHA_MUERTE,CAUSA_MUERTE,FECHA_BAJA,CAUSA_BAJA) values ('5','2000000006','2','1','3',to_date('11/02/17','DD/MM/RR'),'1','Holando','Normal',null,null,null,null);
Insert into TAMBO."BIN$OlbujYQoQ+uOeC7JVb8kew==$0" (ID_TERNERA,NRO_CARAVANA,ID_MADRE,ID_PADRE,ID_GUACHERA,FECHA_NACIMIENTO,PESO_NACIMIENTO,RAZA,PARTO,FECHA_MUERTE,CAUSA_MUERTE,FECHA_BAJA,CAUSA_BAJA) values ('6','2000000005','4','3','3',to_date('10/02/17','DD/MM/RR'),'1','Jersey','Distocico',null,null,null,null);
REM INSERTING into TAMBO."BIN$rqlPa8eCSoCdi+VyR8+dzA==$0"
SET DEFINE OFF;
Insert into TAMBO."BIN$rqlPa8eCSoCdi+VyR8+dzA==$0" (ID_ENFERMEDAD,NOMBRE,GRADO_GRAVEDAD) values ('3','Neumonia','1');
Insert into TAMBO."BIN$rqlPa8eCSoCdi+VyR8+dzA==$0" (ID_ENFERMEDAD,NOMBRE,GRADO_GRAVEDAD) values ('4','Diarrea','1');
REM INSERTING into TAMBO."BIN$rtiQId+qQjakpZ2dAXWubg==$0"
SET DEFINE OFF;
Insert into TAMBO."BIN$rtiQId+qQjakpZ2dAXWubg==$0" (ID_ENFERMEDAD,NOMBRE,GRADO_GRAVEDAD) values ('4','Diarrea','1');
Insert into TAMBO."BIN$rtiQId+qQjakpZ2dAXWubg==$0" (ID_ENFERMEDAD,NOMBRE,GRADO_GRAVEDAD) values ('3','Neumonia','1');
REM INSERTING into TAMBO."BIN$sgxsuPc9SJWaFCHSiw55lA==$0"
SET DEFINE OFF;
Insert into TAMBO."BIN$sgxsuPc9SJWaFCHSiw55lA==$0" (ID_ENFERMEDAD,NOMBRE,GRADO_GRAVEDAD) values ('4','Diarrea','1');
Insert into TAMBO."BIN$sgxsuPc9SJWaFCHSiw55lA==$0" (ID_ENFERMEDAD,NOMBRE,GRADO_GRAVEDAD) values ('3','Neumonia','1');
REM INSERTING into TAMBO."BIN$uIO6NbT/S1qheKzY22q/wg==$0"
SET DEFINE OFF;
REM INSERTING into TAMBO."BIN$UQE6buwvSYaivNIq6j6AUg==$0"
SET DEFINE OFF;
Insert into TAMBO."BIN$UQE6buwvSYaivNIq6j6AUg==$0" (ID_TERNERA,NRO_CARAVANA,ID_MADRE,ID_PADRE,ID_GUACHERA,FECHA_NACIMIENTO,PESO_NACIMIENTO,RAZA,PARTO,FECHA_MUERTE,CAUSA_MUERTE,FECHA_BAJA,CAUSA_BAJA) values ('1','1000000001','1','1','1',to_date('10/07/01','DD/MM/RR'),'1','Holando','Normal',null,null,null,null);
Insert into TAMBO."BIN$UQE6buwvSYaivNIq6j6AUg==$0" (ID_TERNERA,NRO_CARAVANA,ID_MADRE,ID_PADRE,ID_GUACHERA,FECHA_NACIMIENTO,PESO_NACIMIENTO,RAZA,PARTO,FECHA_MUERTE,CAUSA_MUERTE,FECHA_BAJA,CAUSA_BAJA) values ('2','2000000002','2','3','2',to_date('10/09/17','DD/MM/RR'),'1','Jersey','Normal',null,null,null,null);
Insert into TAMBO."BIN$UQE6buwvSYaivNIq6j6AUg==$0" (ID_TERNERA,NRO_CARAVANA,ID_MADRE,ID_PADRE,ID_GUACHERA,FECHA_NACIMIENTO,PESO_NACIMIENTO,RAZA,PARTO,FECHA_MUERTE,CAUSA_MUERTE,FECHA_BAJA,CAUSA_BAJA) values ('3','2000000003','4','1','3',to_date('08/05/17','DD/MM/RR'),'1','Cruza','Distocico',null,null,null,null);
Insert into TAMBO."BIN$UQE6buwvSYaivNIq6j6AUg==$0" (ID_TERNERA,NRO_CARAVANA,ID_MADRE,ID_PADRE,ID_GUACHERA,FECHA_NACIMIENTO,PESO_NACIMIENTO,RAZA,PARTO,FECHA_MUERTE,CAUSA_MUERTE,FECHA_BAJA,CAUSA_BAJA) values ('4','2000000004','3','2','2',to_date('10/01/17','DD/MM/RR'),'1','Holando','Normal',null,null,null,null);
Insert into TAMBO."BIN$UQE6buwvSYaivNIq6j6AUg==$0" (ID_TERNERA,NRO_CARAVANA,ID_MADRE,ID_PADRE,ID_GUACHERA,FECHA_NACIMIENTO,PESO_NACIMIENTO,RAZA,PARTO,FECHA_MUERTE,CAUSA_MUERTE,FECHA_BAJA,CAUSA_BAJA) values ('5','2000000006','2','1','3',to_date('11/02/17','DD/MM/RR'),'1','Holando','Normal',null,null,null,null);
Insert into TAMBO."BIN$UQE6buwvSYaivNIq6j6AUg==$0" (ID_TERNERA,NRO_CARAVANA,ID_MADRE,ID_PADRE,ID_GUACHERA,FECHA_NACIMIENTO,PESO_NACIMIENTO,RAZA,PARTO,FECHA_MUERTE,CAUSA_MUERTE,FECHA_BAJA,CAUSA_BAJA) values ('6','2000000005','4','3','3',to_date('10/02/17','DD/MM/RR'),'1','Jersey','Distocico',null,null,null,null);
REM INSERTING into TAMBO."BIN$Uwff+lbWTkavcOtgU1Ekuw==$0"
SET DEFINE OFF;
Insert into TAMBO."BIN$Uwff+lbWTkavcOtgU1Ekuw==$0" (ID_ENFERMEDAD,NOMBRE,GRADO_GRAVEDAD) values ('4','Diarrea','1');
Insert into TAMBO."BIN$Uwff+lbWTkavcOtgU1Ekuw==$0" (ID_ENFERMEDAD,NOMBRE,GRADO_GRAVEDAD) values ('3','Neumonia','1');
REM INSERTING into TAMBO."BIN$V9EwPTp0R9yX1kByropkVA==$0"
SET DEFINE OFF;
Insert into TAMBO."BIN$V9EwPTp0R9yX1kByropkVA==$0" (ID_MADRE,NRO_CARAVANA) values ('1','1000000000');
Insert into TAMBO."BIN$V9EwPTp0R9yX1kByropkVA==$0" (ID_MADRE,NRO_CARAVANA) values ('2','1000000001');
Insert into TAMBO."BIN$V9EwPTp0R9yX1kByropkVA==$0" (ID_MADRE,NRO_CARAVANA) values ('3','1000000002');
Insert into TAMBO."BIN$V9EwPTp0R9yX1kByropkVA==$0" (ID_MADRE,NRO_CARAVANA) values ('4','1000000003');
Insert into TAMBO."BIN$V9EwPTp0R9yX1kByropkVA==$0" (ID_MADRE,NRO_CARAVANA) values ('5','1000000004');
REM INSERTING into TAMBO."BIN$WaX54BtSRoKHdnmARiPeKg==$0"
SET DEFINE OFF;
REM INSERTING into TAMBO."BIN$XsLQm3WATgGAGUALbSFjWA==$0"
SET DEFINE OFF;
Insert into TAMBO."BIN$XsLQm3WATgGAGUALbSFjWA==$0" (ID_ENFERMEDAD,NOMBRE,GRADO_GRAVEDAD) values ('4','Diarrea','1');
Insert into TAMBO."BIN$XsLQm3WATgGAGUALbSFjWA==$0" (ID_ENFERMEDAD,NOMBRE,GRADO_GRAVEDAD) values ('3','Neumonia','1');
REM INSERTING into TAMBO."BIN$/XxVc/03Q/GdUggFjDbKgw==$0"
SET DEFINE OFF;
REM INSERTING into TAMBO."BIN$yFxnHM1gSJesQPkV8+fP4Q==$0"
SET DEFINE OFF;
REM INSERTING into TAMBO."BIN$yl1iEHEaSVaGQWNbA17MHA==$0"
SET DEFINE OFF;
REM INSERTING into TAMBO."BIN$YMCu25gtR0yAET986DnEUQ==$0"
SET DEFINE OFF;
REM INSERTING into TAMBO."BIN$Yp6UybkuRTax5KKgaVMYaQ==$0"
SET DEFINE OFF;
Insert into TAMBO."BIN$Yp6UybkuRTax5KKgaVMYaQ==$0" (ID_GUACHERA,PK_GUACHERA,ID_USUARIO,NOMBRE) values ('1','GUACHERA001','1','Gauchera 1');
Insert into TAMBO."BIN$Yp6UybkuRTax5KKgaVMYaQ==$0" (ID_GUACHERA,PK_GUACHERA,ID_USUARIO,NOMBRE) values ('2','GUACHERA002','2','Gauchera 2');
Insert into TAMBO."BIN$Yp6UybkuRTax5KKgaVMYaQ==$0" (ID_GUACHERA,PK_GUACHERA,ID_USUARIO,NOMBRE) values ('3','GUACHERA003','2','Gauchera 3');
Insert into TAMBO."BIN$Yp6UybkuRTax5KKgaVMYaQ==$0" (ID_GUACHERA,PK_GUACHERA,ID_USUARIO,NOMBRE) values ('4','GUACHERA004','1','Gauchera 4');
Insert into TAMBO."BIN$Yp6UybkuRTax5KKgaVMYaQ==$0" (ID_GUACHERA,PK_GUACHERA,ID_USUARIO,NOMBRE) values ('5','GUACHERA005','3','Gauchera 5');
REM INSERTING into TAMBO."BIN$zc0QOEtDSsSVAZHzNlDSYQ==$0"
SET DEFINE OFF;
Insert into TAMBO."BIN$zc0QOEtDSsSVAZHzNlDSYQ==$0" (ID_PADRE,NRO_CARAVANA) values ('1','1000000000');
Insert into TAMBO."BIN$zc0QOEtDSsSVAZHzNlDSYQ==$0" (ID_PADRE,NRO_CARAVANA) values ('2','1000000001');
Insert into TAMBO."BIN$zc0QOEtDSsSVAZHzNlDSYQ==$0" (ID_PADRE,NRO_CARAVANA) values ('3','1000000002');
Insert into TAMBO."BIN$zc0QOEtDSsSVAZHzNlDSYQ==$0" (ID_PADRE,NRO_CARAVANA) values ('4','1000000003');
Insert into TAMBO."BIN$zc0QOEtDSsSVAZHzNlDSYQ==$0" (ID_PADRE,NRO_CARAVANA) values ('5','1000000004');
REM INSERTING into TAMBO."BIN$zMnIpNZBS2a+t19AqSl/WA==$0"
SET DEFINE OFF;
Insert into TAMBO."BIN$zMnIpNZBS2a+t19AqSl/WA==$0" (ID_USUARIO,USUARIO,NOMBRE,APELLIDO,PERFIL,CONTRASENIA) values ('1','sebastian.mena','Sebastian','Mena','Personal','mena1234');
Insert into TAMBO."BIN$zMnIpNZBS2a+t19AqSl/WA==$0" (ID_USUARIO,USUARIO,NOMBRE,APELLIDO,PERFIL,CONTRASENIA) values ('2','carlos.garcia','Carlos','Garcia','Encargado','garcia12');
Insert into TAMBO."BIN$zMnIpNZBS2a+t19AqSl/WA==$0" (ID_USUARIO,USUARIO,NOMBRE,APELLIDO,PERFIL,CONTRASENIA) values ('3','emiliano.silva','Emiliano','Silva','Personal','silva123');
REM INSERTING into TAMBO."BIN$zXAyJKcURoSNUzv5jWqcBA==$0"
SET DEFINE OFF;
REM INSERTING into TAMBO."BIN$1aOnGWClTm+EXkOY0izVSg==$0"
SET DEFINE OFF;
REM INSERTING into TAMBO."BIN$3CAdrrvPQ4+g71kT/XVNJw==$0"
SET DEFINE OFF;
REM INSERTING into TAMBO."BIN$3kv6WzYASrCs6a3dnLGSog==$0"
SET DEFINE OFF;
REM INSERTING into TAMBO."BIN$34xdoGtlRVSCPZ8ksD8wKQ==$0"
SET DEFINE OFF;
REM INSERTING into TAMBO."BIN$36dXREvVQZ20N3es9H97vg==$0"
SET DEFINE OFF;
REM INSERTING into TAMBO."BIN$3+6qjmUDROuo3ItQ+T013A==$0"
SET DEFINE OFF;
REM INSERTING into TAMBO."BIN$4ELG4ztySRqj9h50Gr6m5A==$0"
SET DEFINE OFF;
Insert into TAMBO."BIN$4ELG4ztySRqj9h50Gr6m5A==$0" (ID_USUARIO,USUARIO,NOMBRE,APELLIDO,PERFIL,CONTRASENIA) values ('1','sebastian.mena','Sebastian','Mena','Personal','mena1234');
Insert into TAMBO."BIN$4ELG4ztySRqj9h50Gr6m5A==$0" (ID_USUARIO,USUARIO,NOMBRE,APELLIDO,PERFIL,CONTRASENIA) values ('2','carlos.garcia','Carlos','Garcia','Encargado','garcia12');
Insert into TAMBO."BIN$4ELG4ztySRqj9h50Gr6m5A==$0" (ID_USUARIO,USUARIO,NOMBRE,APELLIDO,PERFIL,CONTRASENIA) values ('3','emiliano.silva','Emiliano','Silva','Personal','silva123');
REM INSERTING into TAMBO."BIN$4H/juDJpTveDFuDxClKffw==$0"
SET DEFINE OFF;
Insert into TAMBO."BIN$4H/juDJpTveDFuDxClKffw==$0" (ID_MADRE,NRO_CARAVANA) values ('1','1000000000');
Insert into TAMBO."BIN$4H/juDJpTveDFuDxClKffw==$0" (ID_MADRE,NRO_CARAVANA) values ('2','1000000001');
Insert into TAMBO."BIN$4H/juDJpTveDFuDxClKffw==$0" (ID_MADRE,NRO_CARAVANA) values ('3','1000000002');
Insert into TAMBO."BIN$4H/juDJpTveDFuDxClKffw==$0" (ID_MADRE,NRO_CARAVANA) values ('4','1000000003');
Insert into TAMBO."BIN$4H/juDJpTveDFuDxClKffw==$0" (ID_MADRE,NRO_CARAVANA) values ('5','1000000004');
REM INSERTING into TAMBO."BIN$45UWGRqKRbSamYvRYdIUZw==$0"
SET DEFINE OFF;
REM INSERTING into TAMBO."BIN$/6IVv71rT3Sniay1Y2X+Hw==$0"
SET DEFINE OFF;
Insert into TAMBO."BIN$/6IVv71rT3Sniay1Y2X+Hw==$0" (ID_USUARIO,USUARIO,NOMBRE,APELLIDO,PERFIL,CONTRASENIA) values ('1','sebastian.mena','Sebastian','Mena','Personal','mena1234');
Insert into TAMBO."BIN$/6IVv71rT3Sniay1Y2X+Hw==$0" (ID_USUARIO,USUARIO,NOMBRE,APELLIDO,PERFIL,CONTRASENIA) values ('2','carlos.garcia','Carlos','Garcia','Encargado','garcia12');
Insert into TAMBO."BIN$/6IVv71rT3Sniay1Y2X+Hw==$0" (ID_USUARIO,USUARIO,NOMBRE,APELLIDO,PERFIL,CONTRASENIA) values ('3','emiliano.silva','Emiliano','Silva','Personal','silva123');
REM INSERTING into TAMBO."BIN$67CoqQfORl+X91Qud3rgEQ==$0"
SET DEFINE OFF;
REM INSERTING into TAMBO."BIN$8NEeqrCjQnO317q9ewtPrw==$0"
SET DEFINE OFF;
Insert into TAMBO."BIN$8NEeqrCjQnO317q9ewtPrw==$0" (ID_TERNERA,NRO_CARAVANA,ID_MADRE,ID_PADRE,ID_GUACHERA,FECHA_NACIMIENTO,PESO_NACIMIENTO,RAZA,PARTO,FECHA_MUERTE,CAUSA_MUERTE,FECHA_BAJA,CAUSA_BAJA) values ('1','1000000001','1','1','1',to_date('10/07/01','DD/MM/RR'),'1','Holando','Normal',null,null,null,null);
Insert into TAMBO."BIN$8NEeqrCjQnO317q9ewtPrw==$0" (ID_TERNERA,NRO_CARAVANA,ID_MADRE,ID_PADRE,ID_GUACHERA,FECHA_NACIMIENTO,PESO_NACIMIENTO,RAZA,PARTO,FECHA_MUERTE,CAUSA_MUERTE,FECHA_BAJA,CAUSA_BAJA) values ('2','2000000002','2','3','2',to_date('10/09/17','DD/MM/RR'),'1','Jersey','Normal',null,null,null,null);
Insert into TAMBO."BIN$8NEeqrCjQnO317q9ewtPrw==$0" (ID_TERNERA,NRO_CARAVANA,ID_MADRE,ID_PADRE,ID_GUACHERA,FECHA_NACIMIENTO,PESO_NACIMIENTO,RAZA,PARTO,FECHA_MUERTE,CAUSA_MUERTE,FECHA_BAJA,CAUSA_BAJA) values ('3','2000000003','4','1','3',to_date('08/05/17','DD/MM/RR'),'1','Cruza','Distocico',null,null,null,null);
Insert into TAMBO."BIN$8NEeqrCjQnO317q9ewtPrw==$0" (ID_TERNERA,NRO_CARAVANA,ID_MADRE,ID_PADRE,ID_GUACHERA,FECHA_NACIMIENTO,PESO_NACIMIENTO,RAZA,PARTO,FECHA_MUERTE,CAUSA_MUERTE,FECHA_BAJA,CAUSA_BAJA) values ('4','2000000004','3','2','2',to_date('10/01/17','DD/MM/RR'),'1','Holando','Normal',null,null,null,null);
Insert into TAMBO."BIN$8NEeqrCjQnO317q9ewtPrw==$0" (ID_TERNERA,NRO_CARAVANA,ID_MADRE,ID_PADRE,ID_GUACHERA,FECHA_NACIMIENTO,PESO_NACIMIENTO,RAZA,PARTO,FECHA_MUERTE,CAUSA_MUERTE,FECHA_BAJA,CAUSA_BAJA) values ('5','2000000006','2','1','3',to_date('11/02/17','DD/MM/RR'),'1','Holando','Normal',null,null,null,null);
Insert into TAMBO."BIN$8NEeqrCjQnO317q9ewtPrw==$0" (ID_TERNERA,NRO_CARAVANA,ID_MADRE,ID_PADRE,ID_GUACHERA,FECHA_NACIMIENTO,PESO_NACIMIENTO,RAZA,PARTO,FECHA_MUERTE,CAUSA_MUERTE,FECHA_BAJA,CAUSA_BAJA) values ('6','2000000005','4','3','3',to_date('10/02/17','DD/MM/RR'),'1','Jersey','Distocico',null,null,null,null);
REM INSERTING into TAMBO.CONSUMO_ALIMENTO_TERNERAS
SET DEFINE OFF;
REM INSERTING into TAMBO.CONSUMO_MEDICAMENTO_TERNERA
SET DEFINE OFF;
REM INSERTING into TAMBO.ENFERMEDADES
SET DEFINE OFF;
Insert into TAMBO.ENFERMEDADES (ID_ENFERMEDAD,NOMBRE,GRADO_GRAVEDAD) values ('4','Diarrea','1');
Insert into TAMBO.ENFERMEDADES (ID_ENFERMEDAD,NOMBRE,GRADO_GRAVEDAD) values ('3','Neumonia','1');
REM INSERTING into TAMBO.ENFERMEDAD_TERNERA
SET DEFINE OFF;
Insert into TAMBO.ENFERMEDAD_TERNERA (ID_TERNERA,ID_ENFERMEDAD,FECHA_DESDE,FECHA_HASTA,OBSERVACION) values ('1','3',to_date('02/11/17','DD/MM/RR'),to_date('03/11/17','DD/MM/RR'),'se la trato con suero');
Insert into TAMBO.ENFERMEDAD_TERNERA (ID_TERNERA,ID_ENFERMEDAD,FECHA_DESDE,FECHA_HASTA,OBSERVACION) values ('5','4',to_date('02/11/17','DD/MM/RR'),null,null);
REM INSERTING into TAMBO.GUACHERAS
SET DEFINE OFF;
Insert into TAMBO.GUACHERAS (ID_GUACHERA,PK_GUACHERA,ID_USUARIO,NOMBRE) values ('1','GUACHERA001','1','Gauchera 1');
Insert into TAMBO.GUACHERAS (ID_GUACHERA,PK_GUACHERA,ID_USUARIO,NOMBRE) values ('2','GUACHERA002','2','Gauchera 2');
Insert into TAMBO.GUACHERAS (ID_GUACHERA,PK_GUACHERA,ID_USUARIO,NOMBRE) values ('3','GUACHERA003','2','Gauchera 3');
Insert into TAMBO.GUACHERAS (ID_GUACHERA,PK_GUACHERA,ID_USUARIO,NOMBRE) values ('4','GUACHERA004','1','Gauchera 4');
Insert into TAMBO.GUACHERAS (ID_GUACHERA,PK_GUACHERA,ID_USUARIO,NOMBRE) values ('5','GUACHERA005','3','Gauchera 5');
REM INSERTING into TAMBO.MADRES
SET DEFINE OFF;
Insert into TAMBO.MADRES (ID_MADRE,NRO_CARAVANA) values ('1','1000000000');
Insert into TAMBO.MADRES (ID_MADRE,NRO_CARAVANA) values ('2','1000000001');
Insert into TAMBO.MADRES (ID_MADRE,NRO_CARAVANA) values ('3','1000000002');
Insert into TAMBO.MADRES (ID_MADRE,NRO_CARAVANA) values ('4','1000000003');
Insert into TAMBO.MADRES (ID_MADRE,NRO_CARAVANA) values ('5','1000000004');
REM INSERTING into TAMBO.MEDICAMENTOS
SET DEFINE OFF;
REM INSERTING into TAMBO.PADRES
SET DEFINE OFF;
Insert into TAMBO.PADRES (ID_PADRE,NRO_CARAVANA) values ('1','1000000000');
Insert into TAMBO.PADRES (ID_PADRE,NRO_CARAVANA) values ('2','1000000001');
Insert into TAMBO.PADRES (ID_PADRE,NRO_CARAVANA) values ('3','1000000002');
Insert into TAMBO.PADRES (ID_PADRE,NRO_CARAVANA) values ('4','1000000003');
Insert into TAMBO.PADRES (ID_PADRE,NRO_CARAVANA) values ('5','1000000004');
REM INSERTING into TAMBO.PESOS
SET DEFINE OFF;
REM INSERTING into TAMBO.TERNERAS
SET DEFINE OFF;
Insert into TAMBO.TERNERAS (ID_TERNERA,NRO_CARAVANA,ID_MADRE,ID_PADRE,ID_GUACHERA,FECHA_NACIMIENTO,PESO_NACIMIENTO,RAZA,PARTO,FECHA_MUERTE,CAUSA_MUERTE,FECHA_BAJA,CAUSA_BAJA) values ('1','1000000001','1','1','1',to_date('10/07/01','DD/MM/RR'),'1','Holando','Normal',null,null,null,null);
Insert into TAMBO.TERNERAS (ID_TERNERA,NRO_CARAVANA,ID_MADRE,ID_PADRE,ID_GUACHERA,FECHA_NACIMIENTO,PESO_NACIMIENTO,RAZA,PARTO,FECHA_MUERTE,CAUSA_MUERTE,FECHA_BAJA,CAUSA_BAJA) values ('2','2000000002','2','3','2',to_date('10/09/17','DD/MM/RR'),'1','Jersey','Normal',null,null,null,null);
Insert into TAMBO.TERNERAS (ID_TERNERA,NRO_CARAVANA,ID_MADRE,ID_PADRE,ID_GUACHERA,FECHA_NACIMIENTO,PESO_NACIMIENTO,RAZA,PARTO,FECHA_MUERTE,CAUSA_MUERTE,FECHA_BAJA,CAUSA_BAJA) values ('3','2000000003','4','1','3',to_date('08/05/17','DD/MM/RR'),'1','Cruza','Distocico',null,null,null,null);
Insert into TAMBO.TERNERAS (ID_TERNERA,NRO_CARAVANA,ID_MADRE,ID_PADRE,ID_GUACHERA,FECHA_NACIMIENTO,PESO_NACIMIENTO,RAZA,PARTO,FECHA_MUERTE,CAUSA_MUERTE,FECHA_BAJA,CAUSA_BAJA) values ('4','2000000004','3','2','2',to_date('10/01/17','DD/MM/RR'),'1','Holando','Normal',null,null,null,null);
Insert into TAMBO.TERNERAS (ID_TERNERA,NRO_CARAVANA,ID_MADRE,ID_PADRE,ID_GUACHERA,FECHA_NACIMIENTO,PESO_NACIMIENTO,RAZA,PARTO,FECHA_MUERTE,CAUSA_MUERTE,FECHA_BAJA,CAUSA_BAJA) values ('5','2000000006','2','1','3',to_date('11/02/17','DD/MM/RR'),'1','Holando','Normal',null,null,null,null);
Insert into TAMBO.TERNERAS (ID_TERNERA,NRO_CARAVANA,ID_MADRE,ID_PADRE,ID_GUACHERA,FECHA_NACIMIENTO,PESO_NACIMIENTO,RAZA,PARTO,FECHA_MUERTE,CAUSA_MUERTE,FECHA_BAJA,CAUSA_BAJA) values ('6','2000000005','4','3','3',to_date('10/02/17','DD/MM/RR'),'1','Jersey','Distocico',null,null,null,null);
REM INSERTING into TAMBO.UNIDADES
SET DEFINE OFF;
REM INSERTING into TAMBO.USUARIOS
SET DEFINE OFF;
Insert into TAMBO.USUARIOS (ID_USUARIO,USUARIO,NOMBRE,APELLIDO,PERFIL,CONTRASENIA) values ('1','sebastian.mena','Sebastian','Mena','Personal','mena1234');
Insert into TAMBO.USUARIOS (ID_USUARIO,USUARIO,NOMBRE,APELLIDO,PERFIL,CONTRASENIA) values ('2','carlos.garcia','Carlos','Garcia','Encargado','garcia12');
Insert into TAMBO.USUARIOS (ID_USUARIO,USUARIO,NOMBRE,APELLIDO,PERFIL,CONTRASENIA) values ('3','emiliano.silva','Emiliano','Silva','Personal','silva123');
-- No se ha podido presentar el DDL INDEX para el objeto TAMBO.BIN$aeyD4Vy7TBioSB7BRZk9uw==$0 mientras que DBMS_METADATA intenta utilizar el generador interno.
CREATE INDEX "BIN$aeyD4Vy7TBioSB7BRZk9uw==$0" ON ()
-- No se ha podido presentar el DDL INDEX para el objeto TAMBO.BIN$+AivmHNITPe5ZNadq0ZXaQ==$0 mientras que DBMS_METADATA intenta utilizar el generador interno.
CREATE INDEX "BIN$+AivmHNITPe5ZNadq0ZXaQ==$0" ON ()
-- No se ha podido presentar el DDL INDEX para el objeto TAMBO.BIN$a8+Zh8HwTruiYyM3icx5oA==$0 mientras que DBMS_METADATA intenta utilizar el generador interno.
CREATE INDEX "BIN$a8+Zh8HwTruiYyM3icx5oA==$0" ON ()
-- No se ha podido presentar el DDL INDEX para el objeto TAMBO.BIN$bLkLenZnQDWS7rD+KxG0lg==$0 mientras que DBMS_METADATA intenta utilizar el generador interno.
CREATE INDEX "BIN$bLkLenZnQDWS7rD+KxG0lg==$0" ON ()
-- No se ha podido presentar el DDL INDEX para el objeto TAMBO.BIN$btp7KLL3RYS5f9qknbGujw==$0 mientras que DBMS_METADATA intenta utilizar el generador interno.
CREATE INDEX "BIN$btp7KLL3RYS5f9qknbGujw==$0" ON ()
-- No se ha podido presentar el DDL INDEX para el objeto TAMBO.BIN$b75fSQmrQcOiGE/Q7BYkMw==$0 mientras que DBMS_METADATA intenta utilizar el generador interno.
CREATE INDEX "BIN$b75fSQmrQcOiGE/Q7BYkMw==$0" ON ()
-- No se ha podido presentar el DDL INDEX para el objeto TAMBO.BIN$cbJwQnTdTrazb8TKsFC1fA==$0 mientras que DBMS_METADATA intenta utilizar el generador interno.
CREATE INDEX "BIN$cbJwQnTdTrazb8TKsFC1fA==$0" ON ()
-- No se ha podido presentar el DDL INDEX para el objeto TAMBO.BIN$cklFKP5YQwWf3dsBjAsOSA==$0 mientras que DBMS_METADATA intenta utilizar el generador interno.
CREATE INDEX "BIN$cklFKP5YQwWf3dsBjAsOSA==$0" ON ()
-- No se ha podido presentar el DDL INDEX para el objeto TAMBO.BIN$CpzJ7E/BQqSe2so09GLPbQ==$0 mientras que DBMS_METADATA intenta utilizar el generador interno.
CREATE INDEX "BIN$CpzJ7E/BQqSe2so09GLPbQ==$0" ON ()
-- No se ha podido presentar el DDL INDEX para el objeto TAMBO.BIN$cWyMMEGDSgWDUCDJCJ4DPQ==$0 mientras que DBMS_METADATA intenta utilizar el generador interno.
CREATE INDEX "BIN$cWyMMEGDSgWDUCDJCJ4DPQ==$0" ON ()
-- No se ha podido presentar el DDL INDEX para el objeto TAMBO.BIN$dmUDgmVPTLSeMO9BBL3+yg==$0 mientras que DBMS_METADATA intenta utilizar el generador interno.
CREATE INDEX "BIN$dmUDgmVPTLSeMO9BBL3+yg==$0" ON ()
-- No se ha podido presentar el DDL INDEX para el objeto TAMBO.BIN$duXEEkNsQLCxlbP1Sr1u4w==$0 mientras que DBMS_METADATA intenta utilizar el generador interno.
CREATE INDEX "BIN$duXEEkNsQLCxlbP1Sr1u4w==$0" ON ()
-- No se ha podido presentar el DDL INDEX para el objeto TAMBO.BIN$eaJws/RjRsmO/MLPl9rR6w==$0 mientras que DBMS_METADATA intenta utilizar el generador interno.
CREATE INDEX "BIN$eaJws/RjRsmO/MLPl9rR6w==$0" ON ()
-- No se ha podido presentar el DDL INDEX para el objeto TAMBO.BIN$ex4yKE3SR3aOEjLgUMRK+A==$0 mientras que DBMS_METADATA intenta utilizar el generador interno.
CREATE INDEX "BIN$ex4yKE3SR3aOEjLgUMRK+A==$0" ON ()
-- No se ha podido presentar el DDL INDEX para el objeto TAMBO.BIN$fb4vw673RWqlSblGQqQekA==$0 mientras que DBMS_METADATA intenta utilizar el generador interno.
CREATE INDEX "BIN$fb4vw673RWqlSblGQqQekA==$0" ON ()
-- No se ha podido presentar el DDL INDEX para el objeto TAMBO.BIN$FhqilqmPSzuOu0OREsez+w==$0 mientras que DBMS_METADATA intenta utilizar el generador interno.
CREATE INDEX "BIN$FhqilqmPSzuOu0OREsez+w==$0" ON ()
-- No se ha podido presentar el DDL INDEX para el objeto TAMBO.BIN$f7km2KVMTu2kjM1SIxHSCA==$0 mientras que DBMS_METADATA intenta utilizar el generador interno.
CREATE INDEX "BIN$f7km2KVMTu2kjM1SIxHSCA==$0" ON ()
-- No se ha podido presentar el DDL INDEX para el objeto TAMBO.BIN$Gt29Vx/mSimvszOA2yg0MA==$0 mientras que DBMS_METADATA intenta utilizar el generador interno.
CREATE INDEX "BIN$Gt29Vx/mSimvszOA2yg0MA==$0" ON ()
-- No se ha podido presentar el DDL INDEX para el objeto TAMBO.BIN$gZmJ3DWqTkOQLcSjrQyMWg==$0 mientras que DBMS_METADATA intenta utilizar el generador interno.
CREATE INDEX "BIN$gZmJ3DWqTkOQLcSjrQyMWg==$0" ON ()
-- No se ha podido presentar el DDL INDEX para el objeto TAMBO.BIN$G4NZ9us6SJqLvyH8jlw9BA==$0 mientras que DBMS_METADATA intenta utilizar el generador interno.
CREATE INDEX "BIN$G4NZ9us6SJqLvyH8jlw9BA==$0" ON ()
-- No se ha podido presentar el DDL INDEX para el objeto TAMBO.BIN$hiJi1FcdSe2y2vtzipfObA==$0 mientras que DBMS_METADATA intenta utilizar el generador interno.
CREATE INDEX "BIN$hiJi1FcdSe2y2vtzipfObA==$0" ON ()
-- No se ha podido presentar el DDL INDEX para el objeto TAMBO.BIN$HJJjFA+jSci6Ot56o+1OEQ==$0 mientras que DBMS_METADATA intenta utilizar el generador interno.
CREATE INDEX "BIN$HJJjFA+jSci6Ot56o+1OEQ==$0" ON ()
-- No se ha podido presentar el DDL INDEX para el objeto TAMBO.BIN$h/QDib5kQDes2TKuNibKQw==$0 mientras que DBMS_METADATA intenta utilizar el generador interno.
CREATE INDEX "BIN$h/QDib5kQDes2TKuNibKQw==$0" ON ()
-- No se ha podido presentar el DDL INDEX para el objeto TAMBO.BIN$H7guZs9cRaqd9lQiJLdUoA==$0 mientras que DBMS_METADATA intenta utilizar el generador interno.
CREATE INDEX "BIN$H7guZs9cRaqd9lQiJLdUoA==$0" ON ()
-- No se ha podido presentar el DDL INDEX para el objeto TAMBO.BIN$I08fXBQ/Sw6+/pWvzzwgPg==$0 mientras que DBMS_METADATA intenta utilizar el generador interno.
CREATE INDEX "BIN$I08fXBQ/Sw6+/pWvzzwgPg==$0" ON ()
-- No se ha podido presentar el DDL INDEX para el objeto TAMBO.BIN$jLBS085eS9Sck9+E/FA1vA==$0 mientras que DBMS_METADATA intenta utilizar el generador interno.
CREATE INDEX "BIN$jLBS085eS9Sck9+E/FA1vA==$0" ON ()
-- No se ha podido presentar el DDL INDEX para el objeto TAMBO.BIN$Jlj9oAAFQ5S/i1pTyUJwug==$0 mientras que DBMS_METADATA intenta utilizar el generador interno.
CREATE INDEX "BIN$Jlj9oAAFQ5S/i1pTyUJwug==$0" ON ()
-- No se ha podido presentar el DDL INDEX para el objeto TAMBO.BIN$jM6b2EpNTliURdYYe1yyxg==$0 mientras que DBMS_METADATA intenta utilizar el generador interno.
CREATE INDEX "BIN$jM6b2EpNTliURdYYe1yyxg==$0" ON ()
-- No se ha podido presentar el DDL INDEX para el objeto TAMBO.BIN$JnjhRUlMRO+JgiDTwn9Llw==$0 mientras que DBMS_METADATA intenta utilizar el generador interno.
CREATE INDEX "BIN$JnjhRUlMRO+JgiDTwn9Llw==$0" ON ()
-- No se ha podido presentar el DDL INDEX para el objeto TAMBO.BIN$jTDxPU48RbWEBd9evwPB+Q==$0 mientras que DBMS_METADATA intenta utilizar el generador interno.
CREATE INDEX "BIN$jTDxPU48RbWEBd9evwPB+Q==$0" ON ()
-- No se ha podido presentar el DDL INDEX para el objeto TAMBO.BIN$KDkr8rg2RzijFIW4qw9AGw==$0 mientras que DBMS_METADATA intenta utilizar el generador interno.
CREATE INDEX "BIN$KDkr8rg2RzijFIW4qw9AGw==$0" ON ()
-- No se ha podido presentar el DDL INDEX para el objeto TAMBO.BIN$KiadyN+RSfuedUDqpNbS8w==$0 mientras que DBMS_METADATA intenta utilizar el generador interno.
CREATE INDEX "BIN$KiadyN+RSfuedUDqpNbS8w==$0" ON ()
-- No se ha podido presentar el DDL INDEX para el objeto TAMBO.BIN$KKPC1vMXRCCudLozoEgR5g==$0 mientras que DBMS_METADATA intenta utilizar el generador interno.
CREATE INDEX "BIN$KKPC1vMXRCCudLozoEgR5g==$0" ON ()
-- No se ha podido presentar el DDL INDEX para el objeto TAMBO.BIN$KL7Cr93XScebb8Iwa7GjiA==$0 mientras que DBMS_METADATA intenta utilizar el generador interno.
CREATE INDEX "BIN$KL7Cr93XScebb8Iwa7GjiA==$0" ON ()
-- No se ha podido presentar el DDL INDEX para el objeto TAMBO.BIN$KNbpO4QKRji93tfD+vWV6g==$0 mientras que DBMS_METADATA intenta utilizar el generador interno.
CREATE INDEX "BIN$KNbpO4QKRji93tfD+vWV6g==$0" ON ()
-- No se ha podido presentar el DDL INDEX para el objeto TAMBO.BIN$kzCk3DGnQtaEYo6yoHdRCg==$0 mientras que DBMS_METADATA intenta utilizar el generador interno.
CREATE INDEX "BIN$kzCk3DGnQtaEYo6yoHdRCg==$0" ON ()
-- No se ha podido presentar el DDL INDEX para el objeto TAMBO.BIN$K9PmzJWfRiu5qGsJG90QYQ==$0 mientras que DBMS_METADATA intenta utilizar el generador interno.
CREATE INDEX "BIN$K9PmzJWfRiu5qGsJG90QYQ==$0" ON ()
-- No se ha podido presentar el DDL INDEX para el objeto TAMBO.BIN$LB/ZgBqnSR6WV9mScVQwFg==$0 mientras que DBMS_METADATA intenta utilizar el generador interno.
CREATE INDEX "BIN$LB/ZgBqnSR6WV9mScVQwFg==$0" ON ()
-- No se ha podido presentar el DDL INDEX para el objeto TAMBO.BIN$+Lotp6msSkeao6nBb9EidQ==$0 mientras que DBMS_METADATA intenta utilizar el generador interno.
CREATE INDEX "BIN$+Lotp6msSkeao6nBb9EidQ==$0" ON ()
-- No se ha podido presentar el DDL INDEX para el objeto TAMBO.BIN$LyH6j4VIR2mT5ahjRHXoVg==$0 mientras que DBMS_METADATA intenta utilizar el generador interno.
CREATE INDEX "BIN$LyH6j4VIR2mT5ahjRHXoVg==$0" ON ()
-- No se ha podido presentar el DDL INDEX para el objeto TAMBO.BIN$mb+hON+PTEqMvCTEik/lpA==$0 mientras que DBMS_METADATA intenta utilizar el generador interno.
CREATE INDEX "BIN$mb+hON+PTEqMvCTEik/lpA==$0" ON ()
-- No se ha podido presentar el DDL INDEX para el objeto TAMBO.BIN$MlluHYMSTJ+fMIZv+B2zyg==$0 mientras que DBMS_METADATA intenta utilizar el generador interno.
CREATE INDEX "BIN$MlluHYMSTJ+fMIZv+B2zyg==$0" ON ()
-- No se ha podido presentar el DDL INDEX para el objeto TAMBO.BIN$NjboG3qNQYmgKINuOPT4PA==$0 mientras que DBMS_METADATA intenta utilizar el generador interno.
CREATE INDEX "BIN$NjboG3qNQYmgKINuOPT4PA==$0" ON ()
-- No se ha podido presentar el DDL INDEX para el objeto TAMBO.BIN$Ntfv6VyqR8awZKK9q1Gilw==$0 mientras que DBMS_METADATA intenta utilizar el generador interno.
CREATE INDEX "BIN$Ntfv6VyqR8awZKK9q1Gilw==$0" ON ()
-- No se ha podido presentar el DDL INDEX para el objeto TAMBO.BIN$nw/e7U55TfmaRuzlmGtvOw==$0 mientras que DBMS_METADATA intenta utilizar el generador interno.
CREATE INDEX "BIN$nw/e7U55TfmaRuzlmGtvOw==$0" ON ()
-- No se ha podido presentar el DDL INDEX para el objeto TAMBO.BIN$N375pC8vTdu3ID3kAS5HoA==$0 mientras que DBMS_METADATA intenta utilizar el generador interno.
CREATE INDEX "BIN$N375pC8vTdu3ID3kAS5HoA==$0" ON ()
-- No se ha podido presentar el DDL INDEX para el objeto TAMBO.BIN$n5Keku4XT/akGY6qZ/sS+A==$0 mientras que DBMS_METADATA intenta utilizar el generador interno.
CREATE INDEX "BIN$n5Keku4XT/akGY6qZ/sS+A==$0" ON ()
-- No se ha podido presentar el DDL INDEX para el objeto TAMBO.BIN$Oe5c1J8mS3eb9AUM8q9tuQ==$0 mientras que DBMS_METADATA intenta utilizar el generador interno.
CREATE INDEX "BIN$Oe5c1J8mS3eb9AUM8q9tuQ==$0" ON ()
-- No se ha podido presentar el DDL INDEX para el objeto TAMBO.BIN$Op5M1xjTSV+I3K8JScPVrQ==$0 mientras que DBMS_METADATA intenta utilizar el generador interno.
CREATE INDEX "BIN$Op5M1xjTSV+I3K8JScPVrQ==$0" ON ()
-- No se ha podido presentar el DDL INDEX para el objeto TAMBO.BIN$oRjgyugDTySpcnt+iR0zFQ==$0 mientras que DBMS_METADATA intenta utilizar el generador interno.
CREATE INDEX "BIN$oRjgyugDTySpcnt+iR0zFQ==$0" ON ()
-- No se ha podido presentar el DDL INDEX para el objeto TAMBO.BIN$Or7LnHEwSsyePhezzmGe0g==$0 mientras que DBMS_METADATA intenta utilizar el generador interno.
CREATE INDEX "BIN$Or7LnHEwSsyePhezzmGe0g==$0" ON ()
-- No se ha podido presentar el DDL INDEX para el objeto TAMBO.BIN$Ot9tiohoRZOcgSqf5YUqnQ==$0 mientras que DBMS_METADATA intenta utilizar el generador interno.
CREATE INDEX "BIN$Ot9tiohoRZOcgSqf5YUqnQ==$0" ON ()
-- No se ha podido presentar el DDL INDEX para el objeto TAMBO.BIN$PFiRQbTgRNC+MzJ5hefR1A==$0 mientras que DBMS_METADATA intenta utilizar el generador interno.
CREATE INDEX "BIN$PFiRQbTgRNC+MzJ5hefR1A==$0" ON ()
-- No se ha podido presentar el DDL INDEX para el objeto TAMBO.BIN$pj84fzAmS9CbM3ZJxkXyeQ==$0 mientras que DBMS_METADATA intenta utilizar el generador interno.
CREATE INDEX "BIN$pj84fzAmS9CbM3ZJxkXyeQ==$0" ON ()
-- No se ha podido presentar el DDL INDEX para el objeto TAMBO.BIN$PlOoURRDTv6Bt4h2d8yI6g==$0 mientras que DBMS_METADATA intenta utilizar el generador interno.
CREATE INDEX "BIN$PlOoURRDTv6Bt4h2d8yI6g==$0" ON ()
-- No se ha podido presentar el DDL INDEX para el objeto TAMBO.BIN$PPtF/38gSS2XQsvW2cx8jw==$0 mientras que DBMS_METADATA intenta utilizar el generador interno.
CREATE INDEX "BIN$PPtF/38gSS2XQsvW2cx8jw==$0" ON ()
-- No se ha podido presentar el DDL INDEX para el objeto TAMBO.BIN$P/0UWYNRSqa6qUOY+GPaFw==$0 mientras que DBMS_METADATA intenta utilizar el generador interno.
CREATE INDEX "BIN$P/0UWYNRSqa6qUOY+GPaFw==$0" ON ()
-- No se ha podido presentar el DDL INDEX para el objeto TAMBO.BIN$+P1WVh5ESIC2Iwx5l6Mkdw==$0 mientras que DBMS_METADATA intenta utilizar el generador interno.
CREATE INDEX "BIN$+P1WVh5ESIC2Iwx5l6Mkdw==$0" ON ()
-- No se ha podido presentar el DDL INDEX para el objeto TAMBO.BIN$qBWaTW8XSxm2GG3KWGH2hw==$0 mientras que DBMS_METADATA intenta utilizar el generador interno.
CREATE INDEX "BIN$qBWaTW8XSxm2GG3KWGH2hw==$0" ON ()
-- No se ha podido presentar el DDL INDEX para el objeto TAMBO.BIN$qqkAXxeDSPm0XPmbiKbypA==$0 mientras que DBMS_METADATA intenta utilizar el generador interno.
CREATE INDEX "BIN$qqkAXxeDSPm0XPmbiKbypA==$0" ON ()
-- No se ha podido presentar el DDL INDEX para el objeto TAMBO.BIN$QSAGYEjKQH6gUnusWZ/xPA==$0 mientras que DBMS_METADATA intenta utilizar el generador interno.
CREATE INDEX "BIN$QSAGYEjKQH6gUnusWZ/xPA==$0" ON ()
-- No se ha podido presentar el DDL INDEX para el objeto TAMBO.BIN$Q0pXN/zWQx+RFF5BCM3Dlg==$0 mientras que DBMS_METADATA intenta utilizar el generador interno.
CREATE INDEX "BIN$Q0pXN/zWQx+RFF5BCM3Dlg==$0" ON ()
-- No se ha podido presentar el DDL INDEX para el objeto TAMBO.BIN$Q6aVZ8EwSfOC21ySeZr7JA==$0 mientras que DBMS_METADATA intenta utilizar el generador interno.
CREATE INDEX "BIN$Q6aVZ8EwSfOC21ySeZr7JA==$0" ON ()
-- No se ha podido presentar el DDL INDEX para el objeto TAMBO.BIN$rsMg1QeERi2Xfm8cv4hiww==$0 mientras que DBMS_METADATA intenta utilizar el generador interno.
CREATE INDEX "BIN$rsMg1QeERi2Xfm8cv4hiww==$0" ON ()
-- No se ha podido presentar el DDL INDEX para el objeto TAMBO.BIN$/r0fNXh+RGKudypAMWrLEA==$0 mientras que DBMS_METADATA intenta utilizar el generador interno.
CREATE INDEX "BIN$/r0fNXh+RGKudypAMWrLEA==$0" ON ()
-- No se ha podido presentar el DDL INDEX para el objeto TAMBO.BIN$sfDl4enYTBCEAjrSGJLwfQ==$0 mientras que DBMS_METADATA intenta utilizar el generador interno.
CREATE INDEX "BIN$sfDl4enYTBCEAjrSGJLwfQ==$0" ON ()
-- No se ha podido presentar el DDL INDEX para el objeto TAMBO.BIN$sRVwP/26QtSjU+k55i+kUw==$0 mientras que DBMS_METADATA intenta utilizar el generador interno.
CREATE INDEX "BIN$sRVwP/26QtSjU+k55i+kUw==$0" ON ()
-- No se ha podido presentar el DDL INDEX para el objeto TAMBO.BIN$suphHWbtTXmaRSsDa7c7oA==$0 mientras que DBMS_METADATA intenta utilizar el generador interno.
CREATE INDEX "BIN$suphHWbtTXmaRSsDa7c7oA==$0" ON ()
-- No se ha podido presentar el DDL INDEX para el objeto TAMBO.BIN$swTKpNbBQo2p8MffjVTE/w==$0 mientras que DBMS_METADATA intenta utilizar el generador interno.
CREATE INDEX "BIN$swTKpNbBQo2p8MffjVTE/w==$0" ON ()
-- No se ha podido presentar el DDL INDEX para el objeto TAMBO.BIN$SzVXwlaoS9mHKf2ecm9bgQ==$0 mientras que DBMS_METADATA intenta utilizar el generador interno.
CREATE INDEX "BIN$SzVXwlaoS9mHKf2ecm9bgQ==$0" ON ()
-- No se ha podido presentar el DDL INDEX para el objeto TAMBO.BIN$Tdl2/ndwS8eZHbII8bbE+g==$0 mientras que DBMS_METADATA intenta utilizar el generador interno.
CREATE INDEX "BIN$Tdl2/ndwS8eZHbII8bbE+g==$0" ON ()
-- No se ha podido presentar el DDL INDEX para el objeto TAMBO.BIN$tji7qKmITKijzZfbgsl56Q==$0 mientras que DBMS_METADATA intenta utilizar el generador interno.
CREATE INDEX "BIN$tji7qKmITKijzZfbgsl56Q==$0" ON ()
-- No se ha podido presentar el DDL INDEX para el objeto TAMBO.BIN$tJktxi4iSuuqKGiejLtXMQ==$0 mientras que DBMS_METADATA intenta utilizar el generador interno.
CREATE INDEX "BIN$tJktxi4iSuuqKGiejLtXMQ==$0" ON ()
-- No se ha podido presentar el DDL INDEX para el objeto TAMBO.BIN$ulhM4Ip2TZeYzkVjUXrjMA==$0 mientras que DBMS_METADATA intenta utilizar el generador interno.
CREATE INDEX "BIN$ulhM4Ip2TZeYzkVjUXrjMA==$0" ON ()
-- No se ha podido presentar el DDL INDEX para el objeto TAMBO.BIN$uuhoYDRUR8aCIu7rYDjuLQ==$0 mientras que DBMS_METADATA intenta utilizar el generador interno.
CREATE INDEX "BIN$uuhoYDRUR8aCIu7rYDjuLQ==$0" ON ()
-- No se ha podido presentar el DDL INDEX para el objeto TAMBO.BIN$Uw41kjXsSkqf57FRpZ6Nzw==$0 mientras que DBMS_METADATA intenta utilizar el generador interno.
CREATE INDEX "BIN$Uw41kjXsSkqf57FRpZ6Nzw==$0" ON ()
-- No se ha podido presentar el DDL INDEX para el objeto TAMBO.BIN$UZTECQ0fS/y5iIpiHU/SHg==$0 mientras que DBMS_METADATA intenta utilizar el generador interno.
CREATE INDEX "BIN$UZTECQ0fS/y5iIpiHU/SHg==$0" ON ()
-- No se ha podido presentar el DDL INDEX para el objeto TAMBO.BIN$U8dZ0diPTDSjrKfg6MoJMQ==$0 mientras que DBMS_METADATA intenta utilizar el generador interno.
CREATE INDEX "BIN$U8dZ0diPTDSjrKfg6MoJMQ==$0" ON ()
-- No se ha podido presentar el DDL INDEX para el objeto TAMBO.BIN$vBWAaPZZSteKHvixz/H4XA==$0 mientras que DBMS_METADATA intenta utilizar el generador interno.
CREATE INDEX "BIN$vBWAaPZZSteKHvixz/H4XA==$0" ON ()
-- No se ha podido presentar el DDL INDEX para el objeto TAMBO.BIN$vwbaQIZtT3yPkuf0IqTiNg==$0 mientras que DBMS_METADATA intenta utilizar el generador interno.
CREATE INDEX "BIN$vwbaQIZtT3yPkuf0IqTiNg==$0" ON ()
-- No se ha podido presentar el DDL INDEX para el objeto TAMBO.BIN$V5mPSzy3RoOA+tYER5r4Tg==$0 mientras que DBMS_METADATA intenta utilizar el generador interno.
CREATE INDEX "BIN$V5mPSzy3RoOA+tYER5r4Tg==$0" ON ()
-- No se ha podido presentar el DDL INDEX para el objeto TAMBO.BIN$WfMpmK5dSiOBPS4E3VPg0w==$0 mientras que DBMS_METADATA intenta utilizar el generador interno.
CREATE INDEX "BIN$WfMpmK5dSiOBPS4E3VPg0w==$0" ON ()
-- No se ha podido presentar el DDL INDEX para el objeto TAMBO.BIN$wJhm2+6kTIG+KtZsY0pKVQ==$0 mientras que DBMS_METADATA intenta utilizar el generador interno.
CREATE INDEX "BIN$wJhm2+6kTIG+KtZsY0pKVQ==$0" ON ()
-- No se ha podido presentar el DDL INDEX para el objeto TAMBO.BIN$Xk9WEBGmQI6Kh2CNBHCH8Q==$0 mientras que DBMS_METADATA intenta utilizar el generador interno.
CREATE INDEX "BIN$Xk9WEBGmQI6Kh2CNBHCH8Q==$0" ON ()
-- No se ha podido presentar el DDL INDEX para el objeto TAMBO.BIN$xOc9RkBZSoiEfT/s8Eu52g==$0 mientras que DBMS_METADATA intenta utilizar el generador interno.
CREATE INDEX "BIN$xOc9RkBZSoiEfT/s8Eu52g==$0" ON ()
-- No se ha podido presentar el DDL INDEX para el objeto TAMBO.BIN$XoVZq803SD+1eBXJwndgvQ==$0 mientras que DBMS_METADATA intenta utilizar el generador interno.
CREATE INDEX "BIN$XoVZq803SD+1eBXJwndgvQ==$0" ON ()
-- No se ha podido presentar el DDL INDEX para el objeto TAMBO.BIN$xuWnkbpXTpW9co6uCoA3Rg==$0 mientras que DBMS_METADATA intenta utilizar el generador interno.
CREATE INDEX "BIN$xuWnkbpXTpW9co6uCoA3Rg==$0" ON ()
-- No se ha podido presentar el DDL INDEX para el objeto TAMBO.BIN$ZEBYD0ZsSKCsCNT8LvqGKQ==$0 mientras que DBMS_METADATA intenta utilizar el generador interno.
CREATE INDEX "BIN$ZEBYD0ZsSKCsCNT8LvqGKQ==$0" ON ()
-- No se ha podido presentar el DDL INDEX para el objeto TAMBO.BIN$ZIcSL7FGS5SgAIRQecD12A==$0 mientras que DBMS_METADATA intenta utilizar el generador interno.
CREATE INDEX "BIN$ZIcSL7FGS5SgAIRQecD12A==$0" ON ()
-- No se ha podido presentar el DDL INDEX para el objeto TAMBO.BIN$zvbxtSYcREifQA16OaYv+g==$0 mientras que DBMS_METADATA intenta utilizar el generador interno.
CREATE INDEX "BIN$zvbxtSYcREifQA16OaYv+g==$0" ON ()
-- No se ha podido presentar el DDL INDEX para el objeto TAMBO.BIN$z9oQvgOHT36vV2iad/6ZVw==$0 mientras que DBMS_METADATA intenta utilizar el generador interno.
CREATE INDEX "BIN$z9oQvgOHT36vV2iad/6ZVw==$0" ON ()
-- No se ha podido presentar el DDL INDEX para el objeto TAMBO.BIN$1h77IJrPQ36DLadF2UVk7w==$0 mientras que DBMS_METADATA intenta utilizar el generador interno.
CREATE INDEX "BIN$1h77IJrPQ36DLadF2UVk7w==$0" ON ()
-- No se ha podido presentar el DDL INDEX para el objeto TAMBO.BIN$2LmpED8RTFuzjR0fcYLwnw==$0 mientras que DBMS_METADATA intenta utilizar el generador interno.
CREATE INDEX "BIN$2LmpED8RTFuzjR0fcYLwnw==$0" ON ()
-- No se ha podido presentar el DDL INDEX para el objeto TAMBO.BIN$3cdiGGQ1TveP30obDA9iIQ==$0 mientras que DBMS_METADATA intenta utilizar el generador interno.
CREATE INDEX "BIN$3cdiGGQ1TveP30obDA9iIQ==$0" ON ()
-- No se ha podido presentar el DDL INDEX para el objeto TAMBO.BIN$3/N/9kfPTQiOlRiVk1/i/g==$0 mientras que DBMS_METADATA intenta utilizar el generador interno.
CREATE INDEX "BIN$3/N/9kfPTQiOlRiVk1/i/g==$0" ON ()
-- No se ha podido presentar el DDL INDEX para el objeto TAMBO.BIN$4E3acDwhSECsjm9Ihp7r/Q==$0 mientras que DBMS_METADATA intenta utilizar el generador interno.
CREATE INDEX "BIN$4E3acDwhSECsjm9Ihp7r/Q==$0" ON ()
-- No se ha podido presentar el DDL INDEX para el objeto TAMBO.BIN$4gpx7UkMSVOxSJnPgX7zVQ==$0 mientras que DBMS_METADATA intenta utilizar el generador interno.
CREATE INDEX "BIN$4gpx7UkMSVOxSJnPgX7zVQ==$0" ON ()
-- No se ha podido presentar el DDL INDEX para el objeto TAMBO.BIN$52Nl7kvjRwO0EqDV6Z/iDA==$0 mientras que DBMS_METADATA intenta utilizar el generador interno.
CREATE INDEX "BIN$52Nl7kvjRwO0EqDV6Z/iDA==$0" ON ()
-- No se ha podido presentar el DDL INDEX para el objeto TAMBO.BIN$6BSxzv8XREayhe4imG6XyA==$0 mientras que DBMS_METADATA intenta utilizar el generador interno.
CREATE INDEX "BIN$6BSxzv8XREayhe4imG6XyA==$0" ON ()
-- No se ha podido presentar el DDL INDEX para el objeto TAMBO.BIN$64+sMHmfSBuhNN4FlcldyA==$0 mientras que DBMS_METADATA intenta utilizar el generador interno.
CREATE INDEX "BIN$64+sMHmfSBuhNN4FlcldyA==$0" ON ()
-- No se ha podido presentar el DDL INDEX para el objeto TAMBO.BIN$7c+jHqSRQ6WObcjQE53ajg==$0 mientras que DBMS_METADATA intenta utilizar el generador interno.
CREATE INDEX "BIN$7c+jHqSRQ6WObcjQE53ajg==$0" ON ()
-- No se ha podido presentar el DDL INDEX para el objeto TAMBO.BIN$7Uknyd65QRav461Y4wK4gw==$0 mientras que DBMS_METADATA intenta utilizar el generador interno.
CREATE INDEX "BIN$7Uknyd65QRav461Y4wK4gw==$0" ON ()
-- No se ha podido presentar el DDL INDEX para el objeto TAMBO.BIN$723y6rnyTaee/jrs89ez7g==$0 mientras que DBMS_METADATA intenta utilizar el generador interno.
CREATE INDEX "BIN$723y6rnyTaee/jrs89ez7g==$0" ON ()
-- No se ha podido presentar el DDL INDEX para el objeto TAMBO.BIN$75Bfc6nQQ6uhYAWnPOMsLQ==$0 mientras que DBMS_METADATA intenta utilizar el generador interno.
CREATE INDEX "BIN$75Bfc6nQQ6uhYAWnPOMsLQ==$0" ON ()
-- No se ha podido presentar el DDL INDEX para el objeto TAMBO.BIN$8jOtb+nCTsqgnLdsYBlYDw==$0 mientras que DBMS_METADATA intenta utilizar el generador interno.
CREATE INDEX "BIN$8jOtb+nCTsqgnLdsYBlYDw==$0" ON ()
--------------------------------------------------------
--  DDL for Index PK_ALIMENTO
--------------------------------------------------------

  CREATE UNIQUE INDEX "TAMBO"."PK_ALIMENTO" ON "TAMBO"."ALIMENTOS" ("ID_ALIMENTO") 
  PCTFREE 10 INITRANS 2 MAXTRANS 255 COMPUTE STATISTICS 
  STORAGE(INITIAL 65536 NEXT 1048576 MINEXTENTS 1 MAXEXTENTS 2147483645
  PCTINCREASE 0 FREELISTS 1 FREELIST GROUPS 1 BUFFER_POOL DEFAULT)
  TABLESPACE "USERS" ;
--------------------------------------------------------
--  DDL for Index PK_ALIMENTO_TERNERA_FECHA
--------------------------------------------------------

  CREATE UNIQUE INDEX "TAMBO"."PK_ALIMENTO_TERNERA_FECHA" ON "TAMBO"."CONSUMO_ALIMENTO_TERNERAS" ("ID_TERNERA", "ID_ALIMENTO", "FECHA") 
  PCTFREE 10 INITRANS 2 MAXTRANS 255 COMPUTE STATISTICS 
  STORAGE(INITIAL 65536 NEXT 1048576 MINEXTENTS 1 MAXEXTENTS 2147483645
  PCTINCREASE 0 FREELISTS 1 FREELIST GROUPS 1 BUFFER_POOL DEFAULT)
  TABLESPACE "USERS" ;
--------------------------------------------------------
--  DDL for Index PK_ENFERMEDAD
--------------------------------------------------------

  CREATE UNIQUE INDEX "TAMBO"."PK_ENFERMEDAD" ON "TAMBO"."ENFERMEDADES" ("ID_ENFERMEDAD") 
  PCTFREE 10 INITRANS 2 MAXTRANS 255 COMPUTE STATISTICS 
  STORAGE(INITIAL 65536 NEXT 1048576 MINEXTENTS 1 MAXEXTENTS 2147483645
  PCTINCREASE 0 FREELISTS 1 FREELIST GROUPS 1 BUFFER_POOL DEFAULT)
  TABLESPACE "USERS" ;
--------------------------------------------------------
--  DDL for Index PK_ENFERMEDAD_TERNERA_FECHA
--------------------------------------------------------

  CREATE UNIQUE INDEX "TAMBO"."PK_ENFERMEDAD_TERNERA_FECHA" ON "TAMBO"."ENFERMEDAD_TERNERA" ("ID_TERNERA", "ID_ENFERMEDAD", "FECHA_DESDE") 
  PCTFREE 10 INITRANS 2 MAXTRANS 255 COMPUTE STATISTICS 
  STORAGE(INITIAL 65536 NEXT 1048576 MINEXTENTS 1 MAXEXTENTS 2147483645
  PCTINCREASE 0 FREELISTS 1 FREELIST GROUPS 1 BUFFER_POOL DEFAULT)
  TABLESPACE "USERS" ;
--------------------------------------------------------
--  DDL for Index PK_GUACHERA
--------------------------------------------------------

  CREATE UNIQUE INDEX "TAMBO"."PK_GUACHERA" ON "TAMBO"."GUACHERAS" ("ID_GUACHERA") 
  PCTFREE 10 INITRANS 2 MAXTRANS 255 COMPUTE STATISTICS 
  STORAGE(INITIAL 65536 NEXT 1048576 MINEXTENTS 1 MAXEXTENTS 2147483645
  PCTINCREASE 0 FREELISTS 1 FREELIST GROUPS 1 BUFFER_POOL DEFAULT)
  TABLESPACE "USERS" ;
--------------------------------------------------------
--  DDL for Index PK_MADRE
--------------------------------------------------------

  CREATE UNIQUE INDEX "TAMBO"."PK_MADRE" ON "TAMBO"."MADRES" ("ID_MADRE") 
  PCTFREE 10 INITRANS 2 MAXTRANS 255 COMPUTE STATISTICS 
  STORAGE(INITIAL 65536 NEXT 1048576 MINEXTENTS 1 MAXEXTENTS 2147483645
  PCTINCREASE 0 FREELISTS 1 FREELIST GROUPS 1 BUFFER_POOL DEFAULT)
  TABLESPACE "USERS" ;
--------------------------------------------------------
--  DDL for Index PK_MEDICAMENTO
--------------------------------------------------------

  CREATE UNIQUE INDEX "TAMBO"."PK_MEDICAMENTO" ON "TAMBO"."MEDICAMENTOS" ("ID_MEDICAMENTO") 
  PCTFREE 10 INITRANS 2 MAXTRANS 255 COMPUTE STATISTICS 
  STORAGE(INITIAL 65536 NEXT 1048576 MINEXTENTS 1 MAXEXTENTS 2147483645
  PCTINCREASE 0 FREELISTS 1 FREELIST GROUPS 1 BUFFER_POOL DEFAULT)
  TABLESPACE "USERS" ;
--------------------------------------------------------
--  DDL for Index PK_MEDICAMENTO_TERNERA_FECHA
--------------------------------------------------------

  CREATE UNIQUE INDEX "TAMBO"."PK_MEDICAMENTO_TERNERA_FECHA" ON "TAMBO"."CONSUMO_MEDICAMENTO_TERNERA" ("ID_TERNERA", "ID_MEDICAMENTO", "FECHA") 
  PCTFREE 10 INITRANS 2 MAXTRANS 255 COMPUTE STATISTICS 
  STORAGE(INITIAL 65536 NEXT 1048576 MINEXTENTS 1 MAXEXTENTS 2147483645
  PCTINCREASE 0 FREELISTS 1 FREELIST GROUPS 1 BUFFER_POOL DEFAULT)
  TABLESPACE "USERS" ;
--------------------------------------------------------
--  DDL for Index PK_PADRE
--------------------------------------------------------

  CREATE UNIQUE INDEX "TAMBO"."PK_PADRE" ON "TAMBO"."PADRES" ("ID_PADRE") 
  PCTFREE 10 INITRANS 2 MAXTRANS 255 COMPUTE STATISTICS 
  STORAGE(INITIAL 65536 NEXT 1048576 MINEXTENTS 1 MAXEXTENTS 2147483645
  PCTINCREASE 0 FREELISTS 1 FREELIST GROUPS 1 BUFFER_POOL DEFAULT)
  TABLESPACE "USERS" ;
--------------------------------------------------------
--  DDL for Index PK_PESO
--------------------------------------------------------

  CREATE UNIQUE INDEX "TAMBO"."PK_PESO" ON "TAMBO"."PESOS" ("ID_PESO") 
  PCTFREE 10 INITRANS 2 MAXTRANS 255 COMPUTE STATISTICS 
  STORAGE(INITIAL 65536 NEXT 1048576 MINEXTENTS 1 MAXEXTENTS 2147483645
  PCTINCREASE 0 FREELISTS 1 FREELIST GROUPS 1 BUFFER_POOL DEFAULT)
  TABLESPACE "USERS" ;
--------------------------------------------------------
--  DDL for Index PK_TERNERA
--------------------------------------------------------

  CREATE UNIQUE INDEX "TAMBO"."PK_TERNERA" ON "TAMBO"."TERNERAS" ("ID_TERNERA") 
  PCTFREE 10 INITRANS 2 MAXTRANS 255 COMPUTE STATISTICS 
  STORAGE(INITIAL 65536 NEXT 1048576 MINEXTENTS 1 MAXEXTENTS 2147483645
  PCTINCREASE 0 FREELISTS 1 FREELIST GROUPS 1 BUFFER_POOL DEFAULT)
  TABLESPACE "USERS" ;
--------------------------------------------------------
--  DDL for Index PK_UNIDAD
--------------------------------------------------------

  CREATE UNIQUE INDEX "TAMBO"."PK_UNIDAD" ON "TAMBO"."UNIDADES" ("ID_UNIDAD") 
  PCTFREE 10 INITRANS 2 MAXTRANS 255 COMPUTE STATISTICS 
  STORAGE(INITIAL 65536 NEXT 1048576 MINEXTENTS 1 MAXEXTENTS 2147483645
  PCTINCREASE 0 FREELISTS 1 FREELIST GROUPS 1 BUFFER_POOL DEFAULT)
  TABLESPACE "USERS" ;
--------------------------------------------------------
--  DDL for Index PK_USUARIO
--------------------------------------------------------

  CREATE UNIQUE INDEX "TAMBO"."PK_USUARIO" ON "TAMBO"."USUARIOS" ("ID_USUARIO") 
  PCTFREE 10 INITRANS 2 MAXTRANS 255 COMPUTE STATISTICS 
  STORAGE(INITIAL 65536 NEXT 1048576 MINEXTENTS 1 MAXEXTENTS 2147483645
  PCTINCREASE 0 FREELISTS 1 FREELIST GROUPS 1 BUFFER_POOL DEFAULT)
  TABLESPACE "USERS" ;
--------------------------------------------------------
--  DDL for Index UK_CARAAVANA
--------------------------------------------------------

  CREATE UNIQUE INDEX "TAMBO"."UK_CARAAVANA" ON "TAMBO"."PADRES" ("NRO_CARAVANA") 
  PCTFREE 10 INITRANS 2 MAXTRANS 255 COMPUTE STATISTICS 
  STORAGE(INITIAL 65536 NEXT 1048576 MINEXTENTS 1 MAXEXTENTS 2147483645
  PCTINCREASE 0 FREELISTS 1 FREELIST GROUPS 1 BUFFER_POOL DEFAULT)
  TABLESPACE "USERS" ;
--------------------------------------------------------
--  DDL for Index UK_CARAVANA
--------------------------------------------------------

  CREATE UNIQUE INDEX "TAMBO"."UK_CARAVANA" ON "TAMBO"."MADRES" ("NRO_CARAVANA") 
  PCTFREE 10 INITRANS 2 MAXTRANS 255 COMPUTE STATISTICS 
  STORAGE(INITIAL 65536 NEXT 1048576 MINEXTENTS 1 MAXEXTENTS 2147483645
  PCTINCREASE 0 FREELISTS 1 FREELIST GROUPS 1 BUFFER_POOL DEFAULT)
  TABLESPACE "USERS" ;
--------------------------------------------------------
--  DDL for Index UK_CARAVANA_TERNERA
--------------------------------------------------------

  CREATE UNIQUE INDEX "TAMBO"."UK_CARAVANA_TERNERA" ON "TAMBO"."TERNERAS" ("NRO_CARAVANA") 
  PCTFREE 10 INITRANS 2 MAXTRANS 255 COMPUTE STATISTICS 
  STORAGE(INITIAL 65536 NEXT 1048576 MINEXTENTS 1 MAXEXTENTS 2147483645
  PCTINCREASE 0 FREELISTS 1 FREELIST GROUPS 1 BUFFER_POOL DEFAULT)
  TABLESPACE "USERS" ;
--------------------------------------------------------
--  DDL for Index UK_ENFERMEDADES
--------------------------------------------------------

  CREATE UNIQUE INDEX "TAMBO"."UK_ENFERMEDADES" ON "TAMBO"."ENFERMEDADES" ("NOMBRE", "GRADO_GRAVEDAD") 
  PCTFREE 10 INITRANS 2 MAXTRANS 255 COMPUTE STATISTICS 
  STORAGE(INITIAL 65536 NEXT 1048576 MINEXTENTS 1 MAXEXTENTS 2147483645
  PCTINCREASE 0 FREELISTS 1 FREELIST GROUPS 1 BUFFER_POOL DEFAULT)
  TABLESPACE "USERS" ;
--------------------------------------------------------
--  DDL for Index UK_ID_GUACHERA
--------------------------------------------------------

  CREATE UNIQUE INDEX "TAMBO"."UK_ID_GUACHERA" ON "TAMBO"."GUACHERAS" ("PK_GUACHERA") 
  PCTFREE 10 INITRANS 2 MAXTRANS 255 COMPUTE STATISTICS 
  STORAGE(INITIAL 65536 NEXT 1048576 MINEXTENTS 1 MAXEXTENTS 2147483645
  PCTINCREASE 0 FREELISTS 1 FREELIST GROUPS 1 BUFFER_POOL DEFAULT)
  TABLESPACE "USERS" ;
--------------------------------------------------------
--  DDL for Index UK_NOMBRE_GUACHERA
--------------------------------------------------------

  CREATE UNIQUE INDEX "TAMBO"."UK_NOMBRE_GUACHERA" ON "TAMBO"."GUACHERAS" ("NOMBRE") 
  PCTFREE 10 INITRANS 2 MAXTRANS 255 COMPUTE STATISTICS 
  STORAGE(INITIAL 65536 NEXT 1048576 MINEXTENTS 1 MAXEXTENTS 2147483645
  PCTINCREASE 0 FREELISTS 1 FREELIST GROUPS 1 BUFFER_POOL DEFAULT)
  TABLESPACE "USERS" ;
--------------------------------------------------------
--  DDL for Index UK_PESO
--------------------------------------------------------

  CREATE UNIQUE INDEX "TAMBO"."UK_PESO" ON "TAMBO"."PESOS" ("ID_TERNERA", "FECHA") 
  PCTFREE 10 INITRANS 2 MAXTRANS 255 COMPUTE STATISTICS 
  STORAGE(INITIAL 65536 NEXT 1048576 MINEXTENTS 1 MAXEXTENTS 2147483645
  PCTINCREASE 0 FREELISTS 1 FREELIST GROUPS 1 BUFFER_POOL DEFAULT)
  TABLESPACE "USERS" ;
--------------------------------------------------------
--  DDL for Index UK_UNIDADES
--------------------------------------------------------

  CREATE UNIQUE INDEX "TAMBO"."UK_UNIDADES" ON "TAMBO"."UNIDADES" ("UNIDAD") 
  PCTFREE 10 INITRANS 2 MAXTRANS 255 COMPUTE STATISTICS 
  STORAGE(INITIAL 65536 NEXT 1048576 MINEXTENTS 1 MAXEXTENTS 2147483645
  PCTINCREASE 0 FREELISTS 1 FREELIST GROUPS 1 BUFFER_POOL DEFAULT)
  TABLESPACE "USERS" ;
--------------------------------------------------------
--  Constraints for Table ALIMENTOS
--------------------------------------------------------

  ALTER TABLE "TAMBO"."ALIMENTOS" ADD CONSTRAINT "PK_ALIMENTO" PRIMARY KEY ("ID_ALIMENTO")
  USING INDEX PCTFREE 10 INITRANS 2 MAXTRANS 255 COMPUTE STATISTICS 
  STORAGE(INITIAL 65536 NEXT 1048576 MINEXTENTS 1 MAXEXTENTS 2147483645
  PCTINCREASE 0 FREELISTS 1 FREELIST GROUPS 1 BUFFER_POOL DEFAULT)
  TABLESPACE "USERS"  ENABLE;
 
  ALTER TABLE "TAMBO"."ALIMENTOS" MODIFY ("ID_ALIMENTO" NOT NULL ENABLE);
 
  ALTER TABLE "TAMBO"."ALIMENTOS" MODIFY ("NOMBRE" NOT NULL ENABLE);
 
  ALTER TABLE "TAMBO"."ALIMENTOS" MODIFY ("COSTO_UNIDAD" NOT NULL ENABLE);
 
  ALTER TABLE "TAMBO"."ALIMENTOS" MODIFY ("CANTIDAD" NOT NULL ENABLE);
 
  ALTER TABLE "TAMBO"."ALIMENTOS" MODIFY ("ID_UNIDAD" NOT NULL ENABLE);
--------------------------------------------------------
--  Constraints for Table CONSUMO_ALIMENTO_TERNERAS
--------------------------------------------------------

  ALTER TABLE "TAMBO"."CONSUMO_ALIMENTO_TERNERAS" ADD CONSTRAINT "PK_ALIMENTO_TERNERA_FECHA" PRIMARY KEY ("ID_TERNERA", "ID_ALIMENTO", "FECHA")
  USING INDEX PCTFREE 10 INITRANS 2 MAXTRANS 255 COMPUTE STATISTICS 
  STORAGE(INITIAL 65536 NEXT 1048576 MINEXTENTS 1 MAXEXTENTS 2147483645
  PCTINCREASE 0 FREELISTS 1 FREELIST GROUPS 1 BUFFER_POOL DEFAULT)
  TABLESPACE "USERS"  ENABLE;
 
  ALTER TABLE "TAMBO"."CONSUMO_ALIMENTO_TERNERAS" MODIFY ("ID_TERNERA" NOT NULL ENABLE);
 
  ALTER TABLE "TAMBO"."CONSUMO_ALIMENTO_TERNERAS" MODIFY ("ID_ALIMENTO" NOT NULL ENABLE);
 
  ALTER TABLE "TAMBO"."CONSUMO_ALIMENTO_TERNERAS" MODIFY ("FECHA" NOT NULL ENABLE);
 
  ALTER TABLE "TAMBO"."CONSUMO_ALIMENTO_TERNERAS" MODIFY ("CANTIDAD" NOT NULL ENABLE);
--------------------------------------------------------
--  Constraints for Table CONSUMO_MEDICAMENTO_TERNERA
--------------------------------------------------------

  ALTER TABLE "TAMBO"."CONSUMO_MEDICAMENTO_TERNERA" ADD CONSTRAINT "PK_MEDICAMENTO_TERNERA_FECHA" PRIMARY KEY ("ID_TERNERA", "ID_MEDICAMENTO", "FECHA")
  USING INDEX PCTFREE 10 INITRANS 2 MAXTRANS 255 COMPUTE STATISTICS 
  STORAGE(INITIAL 65536 NEXT 1048576 MINEXTENTS 1 MAXEXTENTS 2147483645
  PCTINCREASE 0 FREELISTS 1 FREELIST GROUPS 1 BUFFER_POOL DEFAULT)
  TABLESPACE "USERS"  ENABLE;
 
  ALTER TABLE "TAMBO"."CONSUMO_MEDICAMENTO_TERNERA" MODIFY ("ID_TERNERA" NOT NULL ENABLE);
 
  ALTER TABLE "TAMBO"."CONSUMO_MEDICAMENTO_TERNERA" MODIFY ("ID_MEDICAMENTO" NOT NULL ENABLE);
 
  ALTER TABLE "TAMBO"."CONSUMO_MEDICAMENTO_TERNERA" MODIFY ("FECHA" NOT NULL ENABLE);
 
  ALTER TABLE "TAMBO"."CONSUMO_MEDICAMENTO_TERNERA" MODIFY ("CANTIDAD" NOT NULL ENABLE);
--------------------------------------------------------
--  Constraints for Table ENFERMEDADES
--------------------------------------------------------

  ALTER TABLE "TAMBO"."ENFERMEDADES" ADD CONSTRAINT "PK_ENFERMEDAD" PRIMARY KEY ("ID_ENFERMEDAD")
  USING INDEX PCTFREE 10 INITRANS 2 MAXTRANS 255 COMPUTE STATISTICS 
  STORAGE(INITIAL 65536 NEXT 1048576 MINEXTENTS 1 MAXEXTENTS 2147483645
  PCTINCREASE 0 FREELISTS 1 FREELIST GROUPS 1 BUFFER_POOL DEFAULT)
  TABLESPACE "USERS"  ENABLE;
 
  ALTER TABLE "TAMBO"."ENFERMEDADES" ADD CONSTRAINT "POSIBLES_ENFERMEDADES" CHECK (NOMBRE='Neumonia' OR NOMBRE='Diarrea') ENABLE;
 
  ALTER TABLE "TAMBO"."ENFERMEDADES" ADD CONSTRAINT "POSIBLES_GRADOS" CHECK (GRADO_GRAVEDAD>=1 AND GRADO_GRAVEDAD<=3) ENABLE;
 
  ALTER TABLE "TAMBO"."ENFERMEDADES" MODIFY ("ID_ENFERMEDAD" NOT NULL ENABLE);
 
  ALTER TABLE "TAMBO"."ENFERMEDADES" MODIFY ("NOMBRE" NOT NULL ENABLE);
 
  ALTER TABLE "TAMBO"."ENFERMEDADES" MODIFY ("GRADO_GRAVEDAD" NOT NULL ENABLE);
 
  ALTER TABLE "TAMBO"."ENFERMEDADES" ADD CONSTRAINT "UK_ENFERMEDADES" UNIQUE ("NOMBRE", "GRADO_GRAVEDAD")
  USING INDEX PCTFREE 10 INITRANS 2 MAXTRANS 255 COMPUTE STATISTICS 
  STORAGE(INITIAL 65536 NEXT 1048576 MINEXTENTS 1 MAXEXTENTS 2147483645
  PCTINCREASE 0 FREELISTS 1 FREELIST GROUPS 1 BUFFER_POOL DEFAULT)
  TABLESPACE "USERS"  ENABLE;
--------------------------------------------------------
--  Constraints for Table ENFERMEDAD_TERNERA
--------------------------------------------------------

  ALTER TABLE "TAMBO"."ENFERMEDAD_TERNERA" ADD CONSTRAINT "PK_ENFERMEDAD_TERNERA_FECHA" PRIMARY KEY ("ID_TERNERA", "ID_ENFERMEDAD", "FECHA_DESDE")
  USING INDEX PCTFREE 10 INITRANS 2 MAXTRANS 255 COMPUTE STATISTICS 
  STORAGE(INITIAL 65536 NEXT 1048576 MINEXTENTS 1 MAXEXTENTS 2147483645
  PCTINCREASE 0 FREELISTS 1 FREELIST GROUPS 1 BUFFER_POOL DEFAULT)
  TABLESPACE "USERS"  ENABLE;
 
  ALTER TABLE "TAMBO"."ENFERMEDAD_TERNERA" MODIFY ("ID_TERNERA" NOT NULL ENABLE);
 
  ALTER TABLE "TAMBO"."ENFERMEDAD_TERNERA" MODIFY ("ID_ENFERMEDAD" NOT NULL ENABLE);
 
  ALTER TABLE "TAMBO"."ENFERMEDAD_TERNERA" MODIFY ("FECHA_DESDE" NOT NULL ENABLE);
--------------------------------------------------------
--  Constraints for Table GUACHERAS
--------------------------------------------------------

  ALTER TABLE "TAMBO"."GUACHERAS" ADD CONSTRAINT "PK_GUACHERA" PRIMARY KEY ("ID_GUACHERA")
  USING INDEX PCTFREE 10 INITRANS 2 MAXTRANS 255 COMPUTE STATISTICS 
  STORAGE(INITIAL 65536 NEXT 1048576 MINEXTENTS 1 MAXEXTENTS 2147483645
  PCTINCREASE 0 FREELISTS 1 FREELIST GROUPS 1 BUFFER_POOL DEFAULT)
  TABLESPACE "USERS"  ENABLE;
 
  ALTER TABLE "TAMBO"."GUACHERAS" MODIFY ("ID_GUACHERA" NOT NULL ENABLE);
 
  ALTER TABLE "TAMBO"."GUACHERAS" MODIFY ("PK_GUACHERA" NOT NULL ENABLE);
 
  ALTER TABLE "TAMBO"."GUACHERAS" MODIFY ("ID_USUARIO" NOT NULL ENABLE);
 
  ALTER TABLE "TAMBO"."GUACHERAS" MODIFY ("NOMBRE" NOT NULL ENABLE);
 
  ALTER TABLE "TAMBO"."GUACHERAS" ADD CONSTRAINT "UK_NOMBRE_GUACHERA" UNIQUE ("NOMBRE")
  USING INDEX PCTFREE 10 INITRANS 2 MAXTRANS 255 COMPUTE STATISTICS 
  STORAGE(INITIAL 65536 NEXT 1048576 MINEXTENTS 1 MAXEXTENTS 2147483645
  PCTINCREASE 0 FREELISTS 1 FREELIST GROUPS 1 BUFFER_POOL DEFAULT)
  TABLESPACE "USERS"  ENABLE;
 
  ALTER TABLE "TAMBO"."GUACHERAS" ADD CONSTRAINT "UK_PK_GUACHERA" UNIQUE ("PK_GUACHERA")
  USING INDEX PCTFREE 10 INITRANS 2 MAXTRANS 255 COMPUTE STATISTICS 
  STORAGE(INITIAL 65536 NEXT 1048576 MINEXTENTS 1 MAXEXTENTS 2147483645
  PCTINCREASE 0 FREELISTS 1 FREELIST GROUPS 1 BUFFER_POOL DEFAULT)
  TABLESPACE "USERS"  ENABLE;
--------------------------------------------------------
--  Constraints for Table MADRES
--------------------------------------------------------

  ALTER TABLE "TAMBO"."MADRES" ADD CONSTRAINT "PK_MADRE" PRIMARY KEY ("ID_MADRE")
  USING INDEX PCTFREE 10 INITRANS 2 MAXTRANS 255 COMPUTE STATISTICS 
  STORAGE(INITIAL 65536 NEXT 1048576 MINEXTENTS 1 MAXEXTENTS 2147483645
  PCTINCREASE 0 FREELISTS 1 FREELIST GROUPS 1 BUFFER_POOL DEFAULT)
  TABLESPACE "USERS"  ENABLE;
 
  ALTER TABLE "TAMBO"."MADRES" MODIFY ("ID_MADRE" NOT NULL ENABLE);
 
  ALTER TABLE "TAMBO"."MADRES" MODIFY ("NRO_CARAVANA" NOT NULL ENABLE);
 
  ALTER TABLE "TAMBO"."MADRES" ADD CONSTRAINT "UK_CARAVANA" UNIQUE ("NRO_CARAVANA")
  USING INDEX PCTFREE 10 INITRANS 2 MAXTRANS 255 COMPUTE STATISTICS 
  STORAGE(INITIAL 65536 NEXT 1048576 MINEXTENTS 1 MAXEXTENTS 2147483645
  PCTINCREASE 0 FREELISTS 1 FREELIST GROUPS 1 BUFFER_POOL DEFAULT)
  TABLESPACE "USERS"  ENABLE;
--------------------------------------------------------
--  Constraints for Table MEDICAMENTOS
--------------------------------------------------------

  ALTER TABLE "TAMBO"."MEDICAMENTOS" ADD CONSTRAINT "PK_MEDICAMENTO" PRIMARY KEY ("ID_MEDICAMENTO")
  USING INDEX PCTFREE 10 INITRANS 2 MAXTRANS 255 COMPUTE STATISTICS 
  STORAGE(INITIAL 65536 NEXT 1048576 MINEXTENTS 1 MAXEXTENTS 2147483645
  PCTINCREASE 0 FREELISTS 1 FREELIST GROUPS 1 BUFFER_POOL DEFAULT)
  TABLESPACE "USERS"  ENABLE;
 
  ALTER TABLE "TAMBO"."MEDICAMENTOS" MODIFY ("ID_MEDICAMENTO" NOT NULL ENABLE);
 
  ALTER TABLE "TAMBO"."MEDICAMENTOS" MODIFY ("NOMBRE" NOT NULL ENABLE);
 
  ALTER TABLE "TAMBO"."MEDICAMENTOS" MODIFY ("DOSIS" NOT NULL ENABLE);
 
  ALTER TABLE "TAMBO"."MEDICAMENTOS" MODIFY ("COSTO" NOT NULL ENABLE);
--------------------------------------------------------
--  Constraints for Table PADRES
--------------------------------------------------------

  ALTER TABLE "TAMBO"."PADRES" ADD CONSTRAINT "PK_PADRE" PRIMARY KEY ("ID_PADRE")
  USING INDEX PCTFREE 10 INITRANS 2 MAXTRANS 255 COMPUTE STATISTICS 
  STORAGE(INITIAL 65536 NEXT 1048576 MINEXTENTS 1 MAXEXTENTS 2147483645
  PCTINCREASE 0 FREELISTS 1 FREELIST GROUPS 1 BUFFER_POOL DEFAULT)
  TABLESPACE "USERS"  ENABLE;
 
  ALTER TABLE "TAMBO"."PADRES" MODIFY ("ID_PADRE" NOT NULL ENABLE);
 
  ALTER TABLE "TAMBO"."PADRES" MODIFY ("NRO_CARAVANA" NOT NULL ENABLE);
 
  ALTER TABLE "TAMBO"."PADRES" ADD CONSTRAINT "UK_CARAAVANA" UNIQUE ("NRO_CARAVANA")
  USING INDEX PCTFREE 10 INITRANS 2 MAXTRANS 255 COMPUTE STATISTICS 
  STORAGE(INITIAL 65536 NEXT 1048576 MINEXTENTS 1 MAXEXTENTS 2147483645
  PCTINCREASE 0 FREELISTS 1 FREELIST GROUPS 1 BUFFER_POOL DEFAULT)
  TABLESPACE "USERS"  ENABLE;
--------------------------------------------------------
--  Constraints for Table PESOS
--------------------------------------------------------

  ALTER TABLE "TAMBO"."PESOS" ADD CONSTRAINT "PK_PESO" PRIMARY KEY ("ID_PESO")
  USING INDEX PCTFREE 10 INITRANS 2 MAXTRANS 255 COMPUTE STATISTICS 
  STORAGE(INITIAL 65536 NEXT 1048576 MINEXTENTS 1 MAXEXTENTS 2147483645
  PCTINCREASE 0 FREELISTS 1 FREELIST GROUPS 1 BUFFER_POOL DEFAULT)
  TABLESPACE "USERS"  ENABLE;
 
  ALTER TABLE "TAMBO"."PESOS" MODIFY ("ID_PESO" NOT NULL ENABLE);
 
  ALTER TABLE "TAMBO"."PESOS" MODIFY ("ID_TERNERA" NOT NULL ENABLE);
 
  ALTER TABLE "TAMBO"."PESOS" MODIFY ("TIPO_REGISTRO" NOT NULL ENABLE);
 
  ALTER TABLE "TAMBO"."PESOS" MODIFY ("FECHA" NOT NULL ENABLE);
 
  ALTER TABLE "TAMBO"."PESOS" MODIFY ("PESO" NOT NULL ENABLE);
 
  ALTER TABLE "TAMBO"."PESOS" ADD CONSTRAINT "UK_PESO" UNIQUE ("ID_TERNERA", "FECHA")
  USING INDEX PCTFREE 10 INITRANS 2 MAXTRANS 255 COMPUTE STATISTICS 
  STORAGE(INITIAL 65536 NEXT 1048576 MINEXTENTS 1 MAXEXTENTS 2147483645
  PCTINCREASE 0 FREELISTS 1 FREELIST GROUPS 1 BUFFER_POOL DEFAULT)
  TABLESPACE "USERS"  ENABLE;
--------------------------------------------------------
--  Constraints for Table TERNERAS
--------------------------------------------------------

  ALTER TABLE "TAMBO"."TERNERAS" ADD CONSTRAINT "PK_TERNERA" PRIMARY KEY ("ID_TERNERA")
  USING INDEX PCTFREE 10 INITRANS 2 MAXTRANS 255 COMPUTE STATISTICS 
  STORAGE(INITIAL 65536 NEXT 1048576 MINEXTENTS 1 MAXEXTENTS 2147483645
  PCTINCREASE 0 FREELISTS 1 FREELIST GROUPS 1 BUFFER_POOL DEFAULT)
  TABLESPACE "USERS"  ENABLE;
 
  ALTER TABLE "TAMBO"."TERNERAS" MODIFY ("ID_TERNERA" NOT NULL ENABLE);
 
  ALTER TABLE "TAMBO"."TERNERAS" MODIFY ("NRO_CARAVANA" NOT NULL ENABLE);
 
  ALTER TABLE "TAMBO"."TERNERAS" MODIFY ("ID_MADRE" NOT NULL ENABLE);
 
  ALTER TABLE "TAMBO"."TERNERAS" MODIFY ("ID_PADRE" NOT NULL ENABLE);
 
  ALTER TABLE "TAMBO"."TERNERAS" MODIFY ("ID_GUACHERA" NOT NULL ENABLE);
 
  ALTER TABLE "TAMBO"."TERNERAS" MODIFY ("FECHA_NACIMIENTO" NOT NULL ENABLE);
 
  ALTER TABLE "TAMBO"."TERNERAS" MODIFY ("PESO_NACIMIENTO" NOT NULL ENABLE);
 
  ALTER TABLE "TAMBO"."TERNERAS" MODIFY ("RAZA" NOT NULL ENABLE);
 
  ALTER TABLE "TAMBO"."TERNERAS" MODIFY ("PARTO" NOT NULL ENABLE);
 
  ALTER TABLE "TAMBO"."TERNERAS" ADD CONSTRAINT "UK_CARAVANA_TERNERA" UNIQUE ("NRO_CARAVANA")
  USING INDEX PCTFREE 10 INITRANS 2 MAXTRANS 255 COMPUTE STATISTICS 
  STORAGE(INITIAL 65536 NEXT 1048576 MINEXTENTS 1 MAXEXTENTS 2147483645
  PCTINCREASE 0 FREELISTS 1 FREELIST GROUPS 1 BUFFER_POOL DEFAULT)
  TABLESPACE "USERS"  ENABLE;
--------------------------------------------------------
--  Constraints for Table UNIDADES
--------------------------------------------------------

  ALTER TABLE "TAMBO"."UNIDADES" ADD CONSTRAINT "PK_UNIDAD" PRIMARY KEY ("ID_UNIDAD")
  USING INDEX PCTFREE 10 INITRANS 2 MAXTRANS 255 COMPUTE STATISTICS 
  STORAGE(INITIAL 65536 NEXT 1048576 MINEXTENTS 1 MAXEXTENTS 2147483645
  PCTINCREASE 0 FREELISTS 1 FREELIST GROUPS 1 BUFFER_POOL DEFAULT)
  TABLESPACE "USERS"  ENABLE;
 
  ALTER TABLE "TAMBO"."UNIDADES" MODIFY ("ID_UNIDAD" NOT NULL ENABLE);
 
  ALTER TABLE "TAMBO"."UNIDADES" MODIFY ("UNIDAD" NOT NULL ENABLE);
 
  ALTER TABLE "TAMBO"."UNIDADES" ADD CONSTRAINT "UK_UNIDADES" UNIQUE ("UNIDAD")
  USING INDEX PCTFREE 10 INITRANS 2 MAXTRANS 255 COMPUTE STATISTICS 
  STORAGE(INITIAL 65536 NEXT 1048576 MINEXTENTS 1 MAXEXTENTS 2147483645
  PCTINCREASE 0 FREELISTS 1 FREELIST GROUPS 1 BUFFER_POOL DEFAULT)
  TABLESPACE "USERS"  ENABLE;
--------------------------------------------------------
--  Constraints for Table USUARIOS
--------------------------------------------------------

  ALTER TABLE "TAMBO"."USUARIOS" ADD CONSTRAINT "PK_USUARIO" PRIMARY KEY ("ID_USUARIO")
  USING INDEX PCTFREE 10 INITRANS 2 MAXTRANS 255 COMPUTE STATISTICS 
  STORAGE(INITIAL 65536 NEXT 1048576 MINEXTENTS 1 MAXEXTENTS 2147483645
  PCTINCREASE 0 FREELISTS 1 FREELIST GROUPS 1 BUFFER_POOL DEFAULT)
  TABLESPACE "USERS"  ENABLE;
 
  ALTER TABLE "TAMBO"."USUARIOS" MODIFY ("ID_USUARIO" NOT NULL ENABLE);
 
  ALTER TABLE "TAMBO"."USUARIOS" MODIFY ("USUARIO" NOT NULL ENABLE);
 
  ALTER TABLE "TAMBO"."USUARIOS" MODIFY ("NOMBRE" NOT NULL ENABLE);
 
  ALTER TABLE "TAMBO"."USUARIOS" MODIFY ("APELLIDO" NOT NULL ENABLE);
 
  ALTER TABLE "TAMBO"."USUARIOS" MODIFY ("PERFIL" NOT NULL ENABLE);
 
  ALTER TABLE "TAMBO"."USUARIOS" MODIFY ("CONTRASENIA" NOT NULL ENABLE);
--------------------------------------------------------
--  Ref Constraints for Table ALIMENTOS
--------------------------------------------------------

  ALTER TABLE "TAMBO"."ALIMENTOS" ADD CONSTRAINT "FK_UNIDAD" FOREIGN KEY ("ID_UNIDAD")
	  REFERENCES "TAMBO"."UNIDADES" ("ID_UNIDAD") ENABLE;
--------------------------------------------------------
--  Ref Constraints for Table CONSUMO_ALIMENTO_TERNERAS
--------------------------------------------------------

  ALTER TABLE "TAMBO"."CONSUMO_ALIMENTO_TERNERAS" ADD CONSTRAINT "FK_ALIMENTO_CON_ALIM" FOREIGN KEY ("ID_ALIMENTO")
	  REFERENCES "TAMBO"."TERNERAS" ("ID_TERNERA") ENABLE;
 
  ALTER TABLE "TAMBO"."CONSUMO_ALIMENTO_TERNERAS" ADD CONSTRAINT "FK_TERNERA_CON_ALIM" FOREIGN KEY ("ID_TERNERA")
	  REFERENCES "TAMBO"."ALIMENTOS" ("ID_ALIMENTO") ENABLE;
--------------------------------------------------------
--  Ref Constraints for Table CONSUMO_MEDICAMENTO_TERNERA
--------------------------------------------------------

  ALTER TABLE "TAMBO"."CONSUMO_MEDICAMENTO_TERNERA" ADD CONSTRAINT "FK_CONS_TERN_MEDICAMENTO" FOREIGN KEY ("ID_MEDICAMENTO")
	  REFERENCES "TAMBO"."MEDICAMENTOS" ("ID_MEDICAMENTO") ENABLE;
 
  ALTER TABLE "TAMBO"."CONSUMO_MEDICAMENTO_TERNERA" ADD CONSTRAINT "FK_CONS_TERN_TERNERA" FOREIGN KEY ("ID_TERNERA")
	  REFERENCES "TAMBO"."TERNERAS" ("ID_TERNERA") ENABLE;
--------------------------------------------------------
--  Ref Constraints for Table ENFERMEDAD_TERNERA
--------------------------------------------------------

  ALTER TABLE "TAMBO"."ENFERMEDAD_TERNERA" ADD CONSTRAINT "FK_ENF_ENFERMEDAD" FOREIGN KEY ("ID_ENFERMEDAD")
	  REFERENCES "TAMBO"."ENFERMEDADES" ("ID_ENFERMEDAD") ENABLE;
 
  ALTER TABLE "TAMBO"."ENFERMEDAD_TERNERA" ADD CONSTRAINT "FK_ENF_TERNERA" FOREIGN KEY ("ID_TERNERA")
	  REFERENCES "TAMBO"."TERNERAS" ("ID_TERNERA") ENABLE;
--------------------------------------------------------
--  Ref Constraints for Table GUACHERAS
--------------------------------------------------------

  ALTER TABLE "TAMBO"."GUACHERAS" ADD CONSTRAINT "FK_USUARIO" FOREIGN KEY ("ID_USUARIO")
	  REFERENCES "TAMBO"."USUARIOS" ("ID_USUARIO") ENABLE;
--------------------------------------------------------
--  Ref Constraints for Table PESOS
--------------------------------------------------------

  ALTER TABLE "TAMBO"."PESOS" ADD CONSTRAINT "FK_PESO_TERNERA" FOREIGN KEY ("ID_TERNERA")
	  REFERENCES "TAMBO"."TERNERAS" ("ID_TERNERA") ENABLE;
--------------------------------------------------------
--  Ref Constraints for Table TERNERAS
--------------------------------------------------------

  ALTER TABLE "TAMBO"."TERNERAS" ADD CONSTRAINT "FK_GUACHERA" FOREIGN KEY ("ID_GUACHERA")
	  REFERENCES "TAMBO"."GUACHERAS" ("ID_GUACHERA") ENABLE;
 
  ALTER TABLE "TAMBO"."TERNERAS" ADD CONSTRAINT "FK_TERNERAS_MADRE" FOREIGN KEY ("ID_MADRE")
	  REFERENCES "TAMBO"."MADRES" ("ID_MADRE") ENABLE;
 
  ALTER TABLE "TAMBO"."TERNERAS" ADD CONSTRAINT "FK_TERNERAS_PADRE" FOREIGN KEY ("ID_PADRE")
	  REFERENCES "TAMBO"."PADRES" ("ID_PADRE") ENABLE;
-- No se ha podido presentar el DDL TRIGGER para el objeto TAMBO.BIN$BlxZfl6BTBqoLJ82vsotZQ==$0 mientras que DBMS_METADATA intenta utilizar el generador interno.
CREATE TRIGGER 
"TAMBO"."BIN$BlxZfl6BTBqoLJ82vsotZQ==$0" --Nombre del Trigger
  BEFORE INSERT--Momento del Trigger, antes de insertar
  ON BIN$V9EwPTp0R9yX1kByropkVA==$0--Tabla DT_
  FOR EACH ROW --Ejecutar para cada registro
  
BEGIN--Inicio comandos del trigger
  SELECT SEQ_MADRE.NEXTVAL --Seleccionar el siguiente valor de la secuencia
  INTO :NEW.ID_MADRE--Asignar el valor al nuevo valor de la columna CODIGO
  FROM DUAL;--Usar la tabla virtual DUAL
  END T_MADRE_SEQ;
-- No se ha podido presentar el DDL TRIGGER para el objeto TAMBO.BIN$B05M+FGFTuSN+NgNujV8aQ==$0 mientras que DBMS_METADATA intenta utilizar el generador interno.
CREATE TRIGGER 
"TAMBO"."BIN$B05M+FGFTuSN+NgNujV8aQ==$0" --Nombre del Trigger
  BEFORE INSERT--Momento del Trigger, antes de insertar
  ON BIN$8NEeqrCjQnO317q9ewtPrw==$0--Tabla DT_
  FOR EACH ROW --Ejecutar para cada registro
                              ??        xv
BEGIN--Inicio comandos del trigger
  SELECT SEQ_TERNERA.NEXTVAL --Seleccionar el siguiente valor de la secuencia
  INTO :NEW.ID_TERNERA--Asignar el valor al nuevo valor de la columna CODIGO
  FROM DUAL;--Usar la tabla virtual DUAL
  END T_TERNERA_SEQ;
-- No se ha podido presentar el DDL TRIGGER para el objeto TAMBO.BIN$/IsRy3GiTFS4UTIFOZFWXg==$0 mientras que DBMS_METADATA intenta utilizar el generador interno.
CREATE TRIGGER 
"TAMBO"."BIN$/IsRy3GiTFS4UTIFOZFWXg==$0" --Nombre del Trigger
  BEFORE INSERT--Momento del Trigger, antes de insertar
  ON BIN$67CoqQfORl+X91Qud3rgEQ==$0--Tabla DT_
  FOR EACH ROW --Ejecutar para cada registro
                              ??        xv
BEGIN--Inicio comandos del trigger
  SELECT SEQ_UNIDAD.NEXTVAL --Seleccionar el siguiente valor de la secuencia
  INTO :NEW.ID_UNIDAD--Asignar el valor al nuevo valor de la columna CODIGO
  FROM DUAL;--Usar la tabla virtual DUAL
  END T_UNIDAD_SEQ;
-- No se ha podido presentar el DDL TRIGGER para el objeto TAMBO.BIN$LY48V9vcSkafB5SdRJHDtw==$0 mientras que DBMS_METADATA intenta utilizar el generador interno.
CREATE TRIGGER 
"TAMBO"."BIN$LY48V9vcSkafB5SdRJHDtw==$0" --Nombre del Trigger
  BEFORE INSERT--Momento del Trigger, antes de insertar
  ON BIN$E8jQrc9GROazQOPkSV8tlw==$0--Tabla DT_
  FOR EACH ROW --Ejecutar para cada registro
  
BEGIN--Inicio comandos del trigger
  SELECT SEQ_ALIMENTO.NEXTVAL --Seleccionar el siguiente valor de la secuencia
  INTO :NEW.ID_ALIMENTO--Asignar el valor al nuevo valor de la columna CODIGO
  FROM DUAL;--Usar la tabla virtual DUAL
  END T_ALIMENTOS_SEQ;
-- No se ha podido presentar el DDL TRIGGER para el objeto TAMBO.BIN$oy6/MSfpRH2NzeGfOSI5rA==$0 mientras que DBMS_METADATA intenta utilizar el generador interno.
CREATE TRIGGER 
"TAMBO"."BIN$oy6/MSfpRH2NzeGfOSI5rA==$0" --Nombre del Trigger
  BEFORE INSERT--Momento del Trigger, antes de insertar
  ON BIN$rqlPa8eCSoCdi+VyR8+dzA==$0--Tabla DT_
  FOR EACH ROW --Ejecutar para cada registroDT_,  FOR EACH ROW --Ejecutar para cada registro,  BEGIN--Inicio comandos del trigger,  SELECT SEQ_ENFERMEDAD.NEXTVAL --Seleccionar el siguiente valor de la secuencia,  INTO :NEW.ID_ENFERMEDAD,  UPDATE SET NOMBRE=UPPER(NOMBRE),  FROM ENFERMEDADES;--
  
BEGIN--Inicio comandos del trigger
  SELECT SEQ_ENFERMEDAD.NEXTVAL --Seleccionar el siguiente valor de la secuencia
  INTO :NEW.ID_ENFERMEDAD--Asignar el valor al nuevo valor de la columna CODIGO
  FROM DUAL;--Usar la tabla virtual DUAL
  END T_ENFERMEDAD_SEQ;
-- No se ha podido presentar el DDL TRIGGER para el objeto TAMBO.BIN$VtcqUb+3Qoy6K7QKpyCUDg==$0 mientras que DBMS_METADATA intenta utilizar el generador interno.
CREATE TRIGGER 
"TAMBO"."BIN$VtcqUb+3Qoy6K7QKpyCUDg==$0" --Nombre del Trigger
  BEFORE INSERT--Momento del Trigger, antes de insertar
  ON BIN$hRFH+q2IT9KT7NZa6KRw2Q==$0--Tabla DT_
  FOR EACH ROW --Ejecutar para cada registro
                              ??        xv
BEGIN--Inicio comandos del trigger
  SELECT SEQ_GUACHERA.NEXTVAL --Seleccionar el siguiente valor de la secuencia
  INTO :NEW.ID_GUACHERA--Asignar el valor al nuevo valor de la columna CODIGO
  FROM DUAL;--Usar la tabla virtual DUAL
  END T_GUACHERA_SEQ;
--------------------------------------------------------
--  DDL for Trigger T_ALIMENTOS_SEQ
--------------------------------------------------------

  CREATE OR REPLACE TRIGGER "TAMBO"."T_ALIMENTOS_SEQ" --Nombre del Trigger
  BEFORE INSERT--Momento del Trigger, antes de insertar
  ON ALIMENTOS--Tabla DT_
  FOR EACH ROW --Ejecutar para cada registro
  BEGIN--Inicio comandos del trigger
  SELECT SEQ_ALIMENTO.NEXTVAL --Seleccionar el siguiente valor de la secuencia
  INTO :NEW.ID_ALIMENTO--Asignar el valor al nuevo valor de la columna CODIGO
  FROM DUAL;--Usar la tabla virtual DUAL
  END T_ALIMENTOS_SEQ;--Fin trigger
/
ALTER TRIGGER "TAMBO"."T_ALIMENTOS_SEQ" ENABLE;
--------------------------------------------------------
--  DDL for Trigger T_ENFERMEDAD_SEQ
--------------------------------------------------------

  CREATE OR REPLACE TRIGGER "TAMBO"."T_ENFERMEDAD_SEQ" --Nombre del Trigger
  BEFORE INSERT--Momento del Trigger, antes de insertar
  ON ENFERMEDADES--Tabla DT_
  FOR EACH ROW --Ejecutar para cada registroDT_,  FOR EACH ROW --Ejecutar para cada registro,  BEGIN--Inicio comandos del trigger,  SELECT SEQ_ENFERMEDAD.NEXTVAL --Seleccionar el siguiente valor de la secuencia,  INTO :NEW.ID_ENFERMEDAD,  UPDATE SET NOMBRE=UPPER(NOMBRE),  FROM ENFERMEDADES;--
  BEGIN--Inicio comandos del trigger
  SELECT SEQ_ENFERMEDAD.NEXTVAL --Seleccionar el siguiente valor de la secuencia
  INTO :NEW.ID_ENFERMEDAD--Asignar el valor al nuevo valor de la columna CODIGO
  FROM DUAL;--Usar la tabla virtual DUAL
  END T_ENFERMEDAD_SEQ;--Fin trigger
/
ALTER TRIGGER "TAMBO"."T_ENFERMEDAD_SEQ" ENABLE;
--------------------------------------------------------
--  DDL for Trigger T_GUACHERA_SEQ
--------------------------------------------------------

  CREATE OR REPLACE TRIGGER "TAMBO"."T_GUACHERA_SEQ" --Nombre del Trigger
  BEFORE INSERT--Momento del Trigger, antes de insertar
  ON GUACHERAS--Tabla DT_
  FOR EACH ROW --Ejecutar para cada registro
  BEGIN--Inicio comandos del trigger
  SELECT SEQ_GUACHERA.NEXTVAL --Seleccionar el siguiente valor de la secuencia
  INTO :NEW.ID_GUACHERA--Asignar el valor al nuevo valor de la columna CODIGO
  FROM DUAL;--Usar la tabla virtual DUAL
  END T_GUACHERA_SEQ;--Fin trigger
/
ALTER TRIGGER "TAMBO"."T_GUACHERA_SEQ" ENABLE;
--------------------------------------------------------
--  DDL for Trigger T_MADRE_SEQ
--------------------------------------------------------

  CREATE OR REPLACE TRIGGER "TAMBO"."T_MADRE_SEQ" --Nombre del Trigger
  BEFORE INSERT--Momento del Trigger, antes de insertar
  ON MADRES--Tabla DT_
  FOR EACH ROW --Ejecutar para cada registro
  BEGIN--Inicio comandos del trigger
  SELECT SEQ_MADRE.NEXTVAL --Seleccionar el siguiente valor de la secuencia
  INTO :NEW.ID_MADRE--Asignar el valor al nuevo valor de la columna CODIGO
  FROM DUAL;--Usar la tabla virtual DUAL
  END T_MADRE_SEQ;--Fin trigger
/
ALTER TRIGGER "TAMBO"."T_MADRE_SEQ" ENABLE;
--------------------------------------------------------
--  DDL for Trigger T_MEDICAMENTO_SEQ
--------------------------------------------------------

  CREATE OR REPLACE TRIGGER "TAMBO"."T_MEDICAMENTO_SEQ" --Nombre del Trigger
  BEFORE INSERT--Momento del Trigger, antes de insertar
  ON MEDICAMENTOS--Tabla DT_
  FOR EACH ROW --Ejecutar para cada registro
  BEGIN--Inicio comandos del trigger
  SELECT SEQ_MEDICAMENTO.NEXTVAL --Seleccionar el siguiente valor de la secuencia
  INTO :NEW.ID_MEDICAMENTO--Asignar el valor al nuevo valor de la columna CODIGO
  FROM DUAL;--Usar la tabla virtual DUAL
  END T_MEDICAMENTO_SEQ;--Fin trigger
/
ALTER TRIGGER "TAMBO"."T_MEDICAMENTO_SEQ" ENABLE;
--------------------------------------------------------
--  DDL for Trigger T_PADRE_SEQ
--------------------------------------------------------

  CREATE OR REPLACE TRIGGER "TAMBO"."T_PADRE_SEQ" --Nombre del Trigger
  BEFORE INSERT--Momento del Trigger, antes de insertar
  ON PADRES--Tabla DT_
  FOR EACH ROW --Ejecutar para cada registro
  BEGIN--Inicio comandos del trigger
  SELECT SEQ_PADRE.NEXTVAL --Seleccionar el siguiente valor de la secuencia
  INTO :NEW.ID_PADRE--Asignar el valor al nuevo valor de la columna CODIGO
  FROM DUAL;--Usar la tabla virtual DUAL
  END T_PADRE_SEQ;--Fin trigger
/
ALTER TRIGGER "TAMBO"."T_PADRE_SEQ" ENABLE;
--------------------------------------------------------
--  DDL for Trigger T_TERNERA_SEQ
--------------------------------------------------------

  CREATE OR REPLACE TRIGGER "TAMBO"."T_TERNERA_SEQ" --Nombre del Trigger
  BEFORE INSERT--Momento del Trigger, antes de insertar
  ON TERNERAS--Tabla DT_
  FOR EACH ROW --Ejecutar para cada registro
  BEGIN--Inicio comandos del trigger
  SELECT SEQ_TERNERA.NEXTVAL --Seleccionar el siguiente valor de la secuencia
  INTO :NEW.ID_TERNERA--Asignar el valor al nuevo valor de la columna CODIGO
  FROM DUAL;--Usar la tabla virtual DUAL
  END T_TERNERA_SEQ;--Fin trigger
/
ALTER TRIGGER "TAMBO"."T_TERNERA_SEQ" ENABLE;
--------------------------------------------------------
--  DDL for Trigger T_UNIDAD_SEQ
--------------------------------------------------------

  CREATE OR REPLACE TRIGGER "TAMBO"."T_UNIDAD_SEQ" --Nombre del Trigger
  BEFORE INSERT--Momento del Trigger, antes de insertar
  ON UNIDADES--Tabla DT_
  FOR EACH ROW --Ejecutar para cada registro
  BEGIN--Inicio comandos del trigger
  SELECT SEQ_UNIDAD.NEXTVAL --Seleccionar el siguiente valor de la secuencia
  INTO :NEW.ID_UNIDAD--Asignar el valor al nuevo valor de la columna CODIGO
  FROM DUAL;--Usar la tabla virtual DUAL
  END T_UNIDAD_SEQ;--Fin trigger
/
ALTER TRIGGER "TAMBO"."T_UNIDAD_SEQ" ENABLE;
--------------------------------------------------------
--  DDL for Trigger T_USUARIO
--------------------------------------------------------

  CREATE OR REPLACE TRIGGER "TAMBO"."T_USUARIO" --Nombre del Trigger
  BEFORE INSERT--Momento del Trigger, antes de insertar
  ON USUARIOS--Tabla DT_
  FOR EACH ROW --Ejecutar para cada registro
  BEGIN--Inicio comandos del trigger
  SELECT SEQ_USUARIO.NEXTVAL --Seleccionar el siguiente valor de la secuencia
  INTO :NEW.ID_USUARIO--Asignar el valor al nuevo valor de la columna CODIGO
  FROM DUAL;--Usar la tabla virtual DUAL
  END T_USUARIO;--Fin trigger
/
ALTER TRIGGER "TAMBO"."T_USUARIO" ENABLE;
-- No se ha podido presentar el DDL TRIGGER para el objeto TAMBO.BIN$6Q8ixrf6Qwif75Kg1qHzKw==$0 mientras que DBMS_METADATA intenta utilizar el generador interno.
CREATE TRIGGER 
"TAMBO"."BIN$6Q8ixrf6Qwif75Kg1qHzKw==$0" --Nombre del Trigger
  BEFORE INSERT--Momento del Trigger, antes de insertar
  ON BIN$zc0QOEtDSsSVAZHzNlDSYQ==$0--Tabla DT_
  FOR EACH ROW --Ejecutar para cada registro
  
BEGIN--Inicio comandos del trigger
  SELECT SEQ_PADRE.NEXTVAL --Seleccionar el siguiente valor de la secuencia
  INTO :NEW.ID_PADRE--Asignar el valor al nuevo valor de la columna CODIGO
  FROM DUAL;--Usar la tabla virtual DUAL
  END T_PADRE_SEQ;
-- No se ha podido presentar el DDL TRIGGER para el objeto TAMBO.BIN$wtlmZlnQSAafRQtkEspFbQ==$0 mientras que DBMS_METADATA intenta utilizar el generador interno.
CREATE TRIGGER 
"TAMBO"."BIN$wtlmZlnQSAafRQtkEspFbQ==$0" --Nombre del Trigger
  BEFORE INSERT--Momento del Trigger, antes de insertar
  ON BIN$/6IVv71rT3Sniay1Y2X+Hw==$0--Tabla DT_
  FOR EACH ROW --Ejecutar para cada registro
  
BEGIN--Inicio comandos del trigger
  SELECT SEQ_USUARIO.NEXTVAL --Seleccionar el siguiente valor de la secuencia
  INTO :NEW.ID_USUARIO--Asignar el valor al nuevo valor de la columna CODIGO
  FROM DUAL;--Usar la tabla virtual DUAL
  END T_USUARIO;
-- No se ha podido presentar el DDL TRIGGER para el objeto TAMBO.BIN$2Cdr58sLTEe0/E8EJK9QIg==$0 mientras que DBMS_METADATA intenta utilizar el generador interno.
CREATE TRIGGER 
"TAMBO"."BIN$2Cdr58sLTEe0/E8EJK9QIg==$0" --Nombre del Trigger
  BEFORE INSERT--Momento del Trigger, antes de insertar
  ON BIN$LizjFfk3RJy931njBlq3HQ==$0--Tabla DT_
  FOR EACH ROW --Ejecutar para cada registro
  
BEGIN--Inicio comandos del trigger
  SELECT SEQ_MEDICAMENTO.NEXTVAL --Seleccionar el siguiente valor de la secuencia
  INTO :NEW.ID_MEDICAMENTO--Asignar el valor al nuevo valor de la columna CODIGO
  FROM DUAL;--Usar la tabla virtual DUAL
  END T_MEDICAMENTO_SEQ;
--------------------------------------------------------
--  DDL for Synonymn DUAL
--------------------------------------------------------

  CREATE OR REPLACE PUBLIC SYNONYM "DUAL" FOR "SYS"."DUAL";
